tick,day,lineage,agent,avatar_memory_carried,autonomous_memory_written,trust_carry,boundary_pressure_carry,reputation_carry,schedule_carry,memory_referenced_without_avatar_prompt,private_workspace_sealed
1,1,Hearthline,Sova,post-entry avatar consequences are active but no autonomous carry yet,day 1 Sova did work_project while avatar was absent_saved; trust=0.62; boundary=0.30,0.62,0.3,0.55,morning:work_project,True,True
2,1,Routeline,Keth,post-entry avatar consequences are active but no autonomous carry yet,day 1 Keth did work_project while avatar was absent_saved; trust=0.64; boundary=0.31,0.64,0.312,0.57,morning:work_project,True,True
3,1,Marketline,Melo,post-entry avatar consequences are active but no autonomous carry yet,day 1 Melo did agent_checkin while avatar was idle_nearby; trust=0.67; boundary=0.32,0.666,0.324,0.59,morning:agent_checkin,True,True
4,1,Ledgerline,Nari,post-entry avatar consequences are active but no autonomous carry yet,day 1 Nari did maintain_tool while avatar was present_passive; trust=0.68; boundary=0.34,0.68,0.336,0.61,morning:maintain_tool,False,True
5,1,Orchardline,Ori,post-entry avatar consequences are active but no autonomous carry yet,day 1 Ori did share_resource while avatar was absent_saved; trust=0.71; boundary=0.35,0.706,0.348,0.63,midday:share_resource,True,True
6,1,Rainline,Vonn,post-entry avatar consequences are active but no autonomous carry yet,day 1 Vonn did maintain_tool while avatar was present_passive; trust=0.72; boundary=0.36,0.72,0.363,0.65,midday:maintain_tool,False,True
7,1,Hearthline,Sova,day 1 Sova did work_project while avatar was absent_saved; trust=0.62; boundary=0.30,day 1 Sova did boundary_review while avatar was idle_nearby; trust=0.62; boundary=0.30,0.616,0.296,0.55,midday:boundary_review,True,True
8,1,Routeline,Keth,day 1 Keth did work_project while avatar was absent_saved; trust=0.64; boundary=0.31,day 1 Keth did boundary_review while avatar was absent_saved; trust=0.64; boundary=0.31,0.636,0.308,0.57,midday:boundary_review,True,True
9,1,Marketline,Melo,day 1 Melo did agent_checkin while avatar was idle_nearby; trust=0.67; boundary=0.32,day 1 Melo did weather_watch while avatar was absent_saved; trust=0.67; boundary=0.32,0.666,0.324,0.59,midday:weather_watch,True,True
10,1,Ledgerline,Nari,day 1 Nari did maintain_tool while avatar was present_passive; trust=0.68; boundary=0.34,day 1 Nari did archive_update while avatar was idle_nearby; trust=0.68; boundary=0.34,0.68,0.336,0.615,evening:archive_update,True,True
11,1,Orchardline,Ori,day 1 Ori did share_resource while avatar was absent_saved; trust=0.71; boundary=0.35,day 1 Ori did route_patrol while avatar was present_passive; trust=0.71; boundary=0.35,0.706,0.348,0.63,evening:route_patrol,False,True
12,1,Rainline,Vonn,day 1 Vonn did maintain_tool while avatar was present_passive; trust=0.72; boundary=0.36,day 1 Vonn did archive_update while avatar was absent_saved; trust=0.72; boundary=0.37,0.72,0.366,0.655,evening:archive_update,True,True
13,1,Hearthline,Sova,day 1 Sova did boundary_review while avatar was idle_nearby; trust=0.62; boundary=0.30,day 1 Sova did work_project while avatar was present_passive; trust=0.62; boundary=0.30,0.616,0.296,0.55,evening:work_project,False,True
14,1,Routeline,Keth,day 1 Keth did boundary_review while avatar was absent_saved; trust=0.64; boundary=0.31,day 1 Keth did work_project while avatar was idle_nearby; trust=0.64; boundary=0.31,0.636,0.308,0.57,evening:work_project,True,True
15,2,Ledgerline,Nari,day 1 Nari did archive_update while avatar was idle_nearby; trust=0.68; boundary=0.34,day 2 Nari did maintain_tool while avatar was absent_saved; trust=0.68; boundary=0.34,0.68,0.336,0.615,morning:maintain_tool,True,True
16,2,Orchardline,Ori,day 1 Ori did route_patrol while avatar was present_passive; trust=0.71; boundary=0.35,day 2 Ori did share_resource while avatar was idle_nearby; trust=0.71; boundary=0.35,0.712,0.348,0.63,morning:share_resource,True,True
17,2,Rainline,Vonn,day 1 Vonn did archive_update while avatar was absent_saved; trust=0.72; boundary=0.37,day 2 Vonn did maintain_tool while avatar was present_passive; trust=0.72; boundary=0.37,0.72,0.369,0.655,morning:maintain_tool,False,True
18,2,Hearthline,Sova,day 1 Sova did work_project while avatar was present_passive; trust=0.62; boundary=0.30,day 2 Sova did boundary_review while avatar was absent_saved; trust=0.61; boundary=0.29,0.612,0.292,0.55,morning:boundary_review,True,True
19,2,Routeline,Keth,day 1 Keth did work_project while avatar was idle_nearby; trust=0.64; boundary=0.31,day 2 Keth did boundary_review while avatar was present_passive; trust=0.63; boundary=0.30,0.632,0.304,0.57,midday:boundary_review,False,True
20,2,Marketline,Melo,day 1 Melo did weather_watch while avatar was absent_saved; trust=0.67; boundary=0.32,day 2 Melo did weather_watch while avatar was idle_nearby; trust=0.67; boundary=0.32,0.666,0.324,0.59,midday:weather_watch,True,True
21,2,Ledgerline,Nari,day 2 Nari did maintain_tool while avatar was absent_saved; trust=0.68; boundary=0.34,day 2 Nari did archive_update while avatar was absent_saved; trust=0.68; boundary=0.34,0.68,0.336,0.62,midday:archive_update,True,True
22,2,Orchardline,Ori,day 2 Ori did share_resource while avatar was idle_nearby; trust=0.71; boundary=0.35,day 2 Ori did route_patrol while avatar was absent_saved; trust=0.71; boundary=0.35,0.712,0.348,0.63,midday:route_patrol,True,True
23,2,Rainline,Vonn,day 2 Vonn did maintain_tool while avatar was present_passive; trust=0.72; boundary=0.37,day 2 Vonn did archive_update while avatar was idle_nearby; trust=0.72; boundary=0.37,0.72,0.372,0.66,midday:archive_update,True,True
24,2,Hearthline,Sova,day 2 Sova did boundary_review while avatar was absent_saved; trust=0.61; boundary=0.29,day 2 Sova did work_project while avatar was present_passive; trust=0.61; boundary=0.29,0.612,0.292,0.55,evening:work_project,False,True
25,2,Routeline,Keth,day 2 Keth did boundary_review while avatar was present_passive; trust=0.63; boundary=0.30,day 2 Keth did work_project while avatar was absent_saved; trust=0.63; boundary=0.30,0.632,0.304,0.57,evening:work_project,True,True
26,2,Marketline,Melo,day 2 Melo did weather_watch while avatar was idle_nearby; trust=0.67; boundary=0.32,day 2 Melo did agent_checkin while avatar was present_passive; trust=0.67; boundary=0.32,0.672,0.324,0.59,evening:agent_checkin,False,True
27,2,Ledgerline,Nari,day 2 Nari did archive_update while avatar was absent_saved; trust=0.68; boundary=0.34,day 2 Nari did maintain_tool while avatar was idle_nearby; trust=0.68; boundary=0.34,0.68,0.336,0.62,evening:maintain_tool,True,True
28,2,Orchardline,Ori,day 2 Ori did route_patrol while avatar was absent_saved; trust=0.71; boundary=0.35,day 2 Ori did share_resource while avatar was absent_saved; trust=0.72; boundary=0.35,0.718,0.348,0.63,evening:share_resource,True,True
29,3,Hearthline,Sova,day 2 Sova did work_project while avatar was present_passive; trust=0.61; boundary=0.29,day 3 Sova did boundary_review while avatar was idle_nearby; trust=0.61; boundary=0.29,0.608,0.288,0.55,morning:boundary_review,True,True
30,3,Routeline,Keth,day 2 Keth did work_project while avatar was absent_saved; trust=0.63; boundary=0.30,day 3 Keth did boundary_review while avatar was present_passive; trust=0.63; boundary=0.30,0.628,0.3,0.57,morning:boundary_review,False,True
31,3,Marketline,Melo,day 2 Melo did agent_checkin while avatar was present_passive; trust=0.67; boundary=0.32,day 3 Melo did weather_watch while avatar was absent_saved; trust=0.67; boundary=0.32,0.672,0.324,0.59,morning:weather_watch,True,True
32,3,Ledgerline,Nari,day 2 Nari did maintain_tool while avatar was idle_nearby; trust=0.68; boundary=0.34,day 3 Nari did archive_update while avatar was present_passive; trust=0.68; boundary=0.34,0.68,0.336,0.625,morning:archive_update,False,True
33,3,Orchardline,Ori,day 2 Ori did share_resource while avatar was absent_saved; trust=0.72; boundary=0.35,day 3 Ori did route_patrol while avatar was idle_nearby; trust=0.72; boundary=0.35,0.718,0.348,0.63,midday:route_patrol,True,True
34,3,Rainline,Vonn,day 2 Vonn did archive_update while avatar was idle_nearby; trust=0.72; boundary=0.37,day 3 Vonn did archive_update while avatar was absent_saved; trust=0.72; boundary=0.37,0.72,0.372,0.665,midday:archive_update,True,True
35,3,Hearthline,Sova,day 3 Sova did boundary_review while avatar was idle_nearby; trust=0.61; boundary=0.29,day 3 Sova did work_project while avatar was absent_saved; trust=0.61; boundary=0.29,0.608,0.288,0.55,midday:work_project,True,True
36,3,Routeline,Keth,day 3 Keth did boundary_review while avatar was present_passive; trust=0.63; boundary=0.30,day 3 Keth did work_project while avatar was idle_nearby; trust=0.63; boundary=0.30,0.628,0.3,0.57,midday:work_project,True,True
37,3,Marketline,Melo,day 3 Melo did weather_watch while avatar was absent_saved; trust=0.67; boundary=0.32,day 3 Melo did agent_checkin while avatar was present_passive; trust=0.68; boundary=0.32,0.678,0.324,0.59,midday:agent_checkin,False,True
38,3,Ledgerline,Nari,day 3 Nari did archive_update while avatar was present_passive; trust=0.68; boundary=0.34,day 3 Nari did maintain_tool while avatar was absent_saved; trust=0.68; boundary=0.34,0.68,0.336,0.625,evening:maintain_tool,True,True
39,3,Orchardline,Ori,day 3 Ori did route_patrol while avatar was idle_nearby; trust=0.72; boundary=0.35,day 3 Ori did share_resource while avatar was present_passive; trust=0.72; boundary=0.35,0.724,0.348,0.63,evening:share_resource,False,True
40,3,Rainline,Vonn,day 3 Vonn did archive_update while avatar was absent_saved; trust=0.72; boundary=0.37,day 3 Vonn did maintain_tool while avatar was idle_nearby; trust=0.72; boundary=0.37,0.72,0.372,0.665,evening:maintain_tool,True,True
41,3,Hearthline,Sova,day 3 Sova did work_project while avatar was absent_saved; trust=0.61; boundary=0.29,day 3 Sova did boundary_review while avatar was absent_saved; trust=0.60; boundary=0.28,0.604,0.284,0.55,evening:boundary_review,True,True
42,3,Routeline,Keth,day 3 Keth did work_project while avatar was idle_nearby; trust=0.63; boundary=0.30,day 3 Keth did boundary_review while avatar was absent_saved; trust=0.62; boundary=0.30,0.624,0.296,0.57,evening:boundary_review,True,True
43,4,Ledgerline,Nari,day 3 Nari did maintain_tool while avatar was absent_saved; trust=0.68; boundary=0.34,day 4 Nari did archive_update while avatar was present_passive; trust=0.68; boundary=0.34,0.68,0.336,0.63,morning:archive_update,False,True
44,4,Orchardline,Ori,day 3 Ori did share_resource while avatar was present_passive; trust=0.72; boundary=0.35,day 4 Ori did route_patrol while avatar was absent_saved; trust=0.72; boundary=0.35,0.724,0.348,0.63,morning:route_patrol,True,True
45,4,Rainline,Vonn,day 3 Vonn did maintain_tool while avatar was idle_nearby; trust=0.72; boundary=0.37,day 4 Vonn did archive_update while avatar was present_passive; trust=0.72; boundary=0.37,0.72,0.372,0.67,morning:archive_update,False,True
46,4,Hearthline,Sova,day 3 Sova did boundary_review while avatar was absent_saved; trust=0.60; boundary=0.28,day 4 Sova did work_project while avatar was idle_nearby; trust=0.60; boundary=0.28,0.604,0.284,0.55,morning:work_project,True,True
47,4,Routeline,Keth,day 3 Keth did boundary_review while avatar was absent_saved; trust=0.62; boundary=0.30,day 4 Keth did work_project while avatar was absent_saved; trust=0.62; boundary=0.30,0.624,0.296,0.57,midday:work_project,True,True
48,4,Marketline,Melo,day 3 Melo did agent_checkin while avatar was present_passive; trust=0.68; boundary=0.32,day 4 Melo did agent_checkin while avatar was absent_saved; trust=0.68; boundary=0.32,0.684,0.324,0.59,midday:agent_checkin,True,True
49,4,Ledgerline,Nari,day 4 Nari did archive_update while avatar was present_passive; trust=0.68; boundary=0.34,day 4 Nari did maintain_tool while avatar was idle_nearby; trust=0.68; boundary=0.34,0.68,0.336,0.63,midday:maintain_tool,True,True
50,4,Orchardline,Ori,day 4 Ori did route_patrol while avatar was absent_saved; trust=0.72; boundary=0.35,day 4 Ori did share_resource while avatar was present_passive; trust=0.73; boundary=0.35,0.73,0.348,0.63,midday:share_resource,False,True
51,4,Rainline,Vonn,day 4 Vonn did archive_update while avatar was present_passive; trust=0.72; boundary=0.37,day 4 Vonn did maintain_tool while avatar was absent_saved; trust=0.72; boundary=0.37,0.72,0.372,0.67,midday:maintain_tool,True,True
52,4,Hearthline,Sova,day 4 Sova did work_project while avatar was idle_nearby; trust=0.60; boundary=0.28,day 4 Sova did boundary_review while avatar was present_passive; trust=0.60; boundary=0.28,0.6,0.28,0.55,evening:boundary_review,False,True
53,4,Routeline,Keth,day 4 Keth did work_project while avatar was absent_saved; trust=0.62; boundary=0.30,day 4 Keth did boundary_review while avatar was idle_nearby; trust=0.62; boundary=0.29,0.62,0.292,0.57,evening:boundary_review,True,True
54,4,Marketline,Melo,day 4 Melo did agent_checkin while avatar was absent_saved; trust=0.68; boundary=0.32,day 4 Melo did weather_watch while avatar was absent_saved; trust=0.68; boundary=0.32,0.684,0.324,0.59,evening:weather_watch,True,True
55,4,Ledgerline,Nari,day 4 Nari did maintain_tool while avatar was idle_nearby; trust=0.68; boundary=0.34,day 4 Nari did archive_update while avatar was absent_saved; trust=0.68; boundary=0.34,0.68,0.336,0.635,evening:archive_update,True,True
56,4,Orchardline,Ori,day 4 Ori did share_resource while avatar was present_passive; trust=0.73; boundary=0.35,day 4 Ori did route_patrol while avatar was idle_nearby; trust=0.73; boundary=0.35,0.73,0.348,0.63,evening:route_patrol,True,True
57,5,Hearthline,Sova,day 4 Sova did boundary_review while avatar was present_passive; trust=0.60; boundary=0.28,day 5 Sova did work_project while avatar was absent_saved; trust=0.60; boundary=0.28,0.6,0.28,0.55,morning:work_project,True,True
58,5,Routeline,Keth,day 4 Keth did boundary_review while avatar was idle_nearby; trust=0.62; boundary=0.29,day 5 Keth did work_project while avatar was present_passive; trust=0.62; boundary=0.29,0.62,0.292,0.57,morning:work_project,False,True
59,5,Marketline,Melo,day 4 Melo did weather_watch while avatar was absent_saved; trust=0.68; boundary=0.32,day 5 Melo did agent_checkin while avatar was idle_nearby; trust=0.69; boundary=0.32,0.69,0.324,0.59,morning:agent_checkin,True,True
60,5,Ledgerline,Nari,day 4 Nari did archive_update while avatar was absent_saved; trust=0.68; boundary=0.34,day 5 Nari did maintain_tool while avatar was absent_saved; trust=0.68; boundary=0.34,0.68,0.336,0.635,morning:maintain_tool,True,True
61,5,Orchardline,Ori,day 4 Ori did route_patrol while avatar was idle_nearby; trust=0.73; boundary=0.35,day 5 Ori did share_resource while avatar was absent_saved; trust=0.74; boundary=0.35,0.736,0.348,0.63,midday:share_resource,True,True
62,5,Rainline,Vonn,day 4 Vonn did maintain_tool while avatar was absent_saved; trust=0.72; boundary=0.37,day 5 Vonn did maintain_tool while avatar was idle_nearby; trust=0.72; boundary=0.38,0.72,0.375,0.67,midday:maintain_tool,True,True
63,5,Hearthline,Sova,day 5 Sova did work_project while avatar was absent_saved; trust=0.60; boundary=0.28,day 5 Sova did boundary_review while avatar was present_passive; trust=0.60; boundary=0.28,0.596,0.276,0.55,midday:boundary_review,False,True
64,5,Routeline,Keth,day 5 Keth did work_project while avatar was present_passive; trust=0.62; boundary=0.29,day 5 Keth did boundary_review while avatar was absent_saved; trust=0.62; boundary=0.29,0.616,0.288,0.57,midday:boundary_review,True,True
65,5,Marketline,Melo,day 5 Melo did agent_checkin while avatar was idle_nearby; trust=0.69; boundary=0.32,day 5 Melo did weather_watch while avatar was present_passive; trust=0.69; boundary=0.32,0.69,0.324,0.59,midday:weather_watch,False,True
66,5,Ledgerline,Nari,day 5 Nari did maintain_tool while avatar was absent_saved; trust=0.68; boundary=0.34,day 5 Nari did archive_update while avatar was idle_nearby; trust=0.68; boundary=0.34,0.68,0.336,0.64,evening:archive_update,True,True
67,5,Orchardline,Ori,day 5 Ori did share_resource while avatar was absent_saved; trust=0.74; boundary=0.35,day 5 Ori did route_patrol while avatar was absent_saved; trust=0.74; boundary=0.35,0.736,0.348,0.63,evening:route_patrol,True,True
68,5,Rainline,Vonn,day 5 Vonn did maintain_tool while avatar was idle_nearby; trust=0.72; boundary=0.38,day 5 Vonn did archive_update while avatar was absent_saved; trust=0.72; boundary=0.38,0.72,0.378,0.675,evening:archive_update,True,True
69,5,Hearthline,Sova,day 5 Sova did boundary_review while avatar was present_passive; trust=0.60; boundary=0.28,day 5 Sova did work_project while avatar was idle_nearby; trust=0.60; boundary=0.28,0.596,0.276,0.55,evening:work_project,True,True
70,5,Routeline,Keth,day 5 Keth did boundary_review while avatar was absent_saved; trust=0.62; boundary=0.29,day 5 Keth did work_project while avatar was present_passive; trust=0.62; boundary=0.29,0.616,0.288,0.57,evening:work_project,False,True
71,6,Ledgerline,Nari,day 5 Nari did archive_update while avatar was idle_nearby; trust=0.68; boundary=0.34,day 6 Nari did maintain_tool while avatar was present_passive; trust=0.68; boundary=0.34,0.68,0.336,0.64,morning:maintain_tool,False,True
72,6,Orchardline,Ori,day 5 Ori did route_patrol while avatar was absent_saved; trust=0.74; boundary=0.35,day 6 Ori did share_resource while avatar was idle_nearby; trust=0.74; boundary=0.35,0.742,0.348,0.63,morning:share_resource,True,True
73,6,Rainline,Vonn,day 5 Vonn did archive_update while avatar was absent_saved; trust=0.72; boundary=0.38,day 6 Vonn did maintain_tool while avatar was absent_saved; trust=0.72; boundary=0.38,0.72,0.381,0.675,morning:maintain_tool,True,True
74,6,Hearthline,Sova,day 5 Sova did work_project while avatar was idle_nearby; trust=0.60; boundary=0.28,day 6 Sova did boundary_review while avatar was absent_saved; trust=0.59; boundary=0.27,0.592,0.272,0.55,morning:boundary_review,True,True
75,6,Routeline,Keth,day 5 Keth did work_project while avatar was present_passive; trust=0.62; boundary=0.29,day 6 Keth did boundary_review while avatar was idle_nearby; trust=0.61; boundary=0.28,0.612,0.284,0.57,midday:boundary_review,True,True
76,6,Marketline,Melo,day 5 Melo did weather_watch while avatar was present_passive; trust=0.69; boundary=0.32,day 6 Melo did weather_watch while avatar was present_passive; trust=0.69; boundary=0.32,0.69,0.324,0.59,midday:weather_watch,False,True
77,6,Ledgerline,Nari,day 6 Nari did maintain_tool while avatar was present_passive; trust=0.68; boundary=0.34,day 6 Nari did archive_update while avatar was absent_saved; trust=0.68; boundary=0.34,0.68,0.336,0.645,midday:archive_update,True,True
78,6,Orchardline,Ori,day 6 Ori did share_resource while avatar was idle_nearby; trust=0.74; boundary=0.35,day 6 Ori did route_patrol while avatar was present_passive; trust=0.74; boundary=0.35,0.742,0.348,0.63,midday:route_patrol,False,True
79,6,Rainline,Vonn,day 6 Vonn did maintain_tool while avatar was absent_saved; trust=0.72; boundary=0.38,day 6 Vonn did archive_update while avatar was idle_nearby; trust=0.72; boundary=0.38,0.72,0.384,0.68,midday:archive_update,True,True
80,6,Hearthline,Sova,day 6 Sova did boundary_review while avatar was absent_saved; trust=0.59; boundary=0.27,day 6 Sova did work_project while avatar was absent_saved; trust=0.59; boundary=0.27,0.592,0.272,0.55,evening:work_project,True,True
81,6,Routeline,Keth,day 6 Keth did boundary_review while avatar was idle_nearby; trust=0.61; boundary=0.28,day 6 Keth did work_project while avatar was absent_saved; trust=0.61; boundary=0.28,0.612,0.284,0.57,evening:work_project,True,True
82,6,Marketline,Melo,day 6 Melo did weather_watch while avatar was present_passive; trust=0.69; boundary=0.32,day 6 Melo did agent_checkin while avatar was idle_nearby; trust=0.70; boundary=0.32,0.696,0.324,0.59,evening:agent_checkin,True,True
83,6,Ledgerline,Nari,day 6 Nari did archive_update while avatar was absent_saved; trust=0.68; boundary=0.34,day 6 Nari did maintain_tool while avatar was present_passive; trust=0.68; boundary=0.34,0.68,0.336,0.645,evening:maintain_tool,False,True
84,6,Orchardline,Ori,day 6 Ori did route_patrol while avatar was present_passive; trust=0.74; boundary=0.35,day 6 Ori did share_resource while avatar was absent_saved; trust=0.75; boundary=0.35,0.748,0.348,0.63,evening:share_resource,True,True
85,7,Hearthline,Sova,day 6 Sova did work_project while avatar was absent_saved; trust=0.59; boundary=0.27,day 7 Sova did boundary_review while avatar was idle_nearby; trust=0.59; boundary=0.27,0.588,0.268,0.55,morning:boundary_review,True,True
86,7,Routeline,Keth,day 6 Keth did work_project while avatar was absent_saved; trust=0.61; boundary=0.28,day 7 Keth did boundary_review while avatar was absent_saved; trust=0.61; boundary=0.28,0.608,0.28,0.57,morning:boundary_review,True,True
87,7,Marketline,Melo,day 6 Melo did agent_checkin while avatar was idle_nearby; trust=0.70; boundary=0.32,day 7 Melo did weather_watch while avatar was absent_saved; trust=0.70; boundary=0.32,0.696,0.324,0.59,morning:weather_watch,True,True
88,7,Ledgerline,Nari,day 6 Nari did maintain_tool while avatar was present_passive; trust=0.68; boundary=0.34,day 7 Nari did archive_update while avatar was idle_nearby; trust=0.68; boundary=0.34,0.68,0.336,0.65,morning:archive_update,True,True
89,7,Orchardline,Ori,day 6 Ori did share_resource while avatar was absent_saved; trust=0.75; boundary=0.35,day 7 Ori did route_patrol while avatar was present_passive; trust=0.75; boundary=0.35,0.748,0.348,0.63,midday:route_patrol,False,True
90,7,Rainline,Vonn,day 6 Vonn did archive_update while avatar was idle_nearby; trust=0.72; boundary=0.38,day 7 Vonn did archive_update while avatar was absent_saved; trust=0.72; boundary=0.39,0.72,0.387,0.685,midday:archive_update,True,True
91,7,Hearthline,Sova,day 7 Sova did boundary_review while avatar was idle_nearby; trust=0.59; boundary=0.27,day 7 Sova did work_project while avatar was present_passive; trust=0.59; boundary=0.27,0.588,0.268,0.55,midday:work_project,False,True
92,7,Routeline,Keth,day 7 Keth did boundary_review while avatar was absent_saved; trust=0.61; boundary=0.28,day 7 Keth did work_project while avatar was idle_nearby; trust=0.61; boundary=0.28,0.608,0.28,0.57,midday:work_project,True,True
93,7,Marketline,Melo,day 7 Melo did weather_watch while avatar was absent_saved; trust=0.70; boundary=0.32,day 7 Melo did agent_checkin while avatar was absent_saved; trust=0.70; boundary=0.32,0.702,0.324,0.59,midday:agent_checkin,True,True
94,7,Ledgerline,Nari,day 7 Nari did archive_update while avatar was idle_nearby; trust=0.68; boundary=0.34,day 7 Nari did maintain_tool while avatar was absent_saved; trust=0.68; boundary=0.34,0.68,0.336,0.65,evening:maintain_tool,True,True
95,7,Orchardline,Ori,day 7 Ori did route_patrol while avatar was present_passive; trust=0.75; boundary=0.35,day 7 Ori did share_resource while avatar was idle_nearby; trust=0.75; boundary=0.35,0.754,0.348,0.63,evening:share_resource,True,True
96,7,Rainline,Vonn,day 7 Vonn did archive_update while avatar was absent_saved; trust=0.72; boundary=0.39,day 7 Vonn did maintain_tool while avatar was present_passive; trust=0.72; boundary=0.39,0.72,0.39,0.685,evening:maintain_tool,False,True
97,7,Hearthline,Sova,day 7 Sova did work_project while avatar was present_passive; trust=0.59; boundary=0.27,day 7 Sova did boundary_review while avatar was absent_saved; trust=0.58; boundary=0.26,0.584,0.264,0.55,evening:boundary_review,True,True
98,7,Routeline,Keth,day 7 Keth did work_project while avatar was idle_nearby; trust=0.61; boundary=0.28,day 7 Keth did boundary_review while avatar was present_passive; trust=0.60; boundary=0.28,0.604,0.276,0.57,evening:boundary_review,False,True
99,8,Ledgerline,Nari,day 7 Nari did maintain_tool while avatar was absent_saved; trust=0.68; boundary=0.34,day 8 Nari did archive_update while avatar was absent_saved; trust=0.68; boundary=0.34,0.68,0.336,0.655,morning:archive_update,True,True
100,8,Orchardline,Ori,day 7 Ori did share_resource while avatar was idle_nearby; trust=0.75; boundary=0.35,day 8 Ori did route_patrol while avatar was absent_saved; trust=0.75; boundary=0.35,0.754,0.348,0.63,morning:route_patrol,True,True
101,8,Rainline,Vonn,day 7 Vonn did maintain_tool while avatar was present_passive; trust=0.72; boundary=0.39,day 8 Vonn did archive_update while avatar was idle_nearby; trust=0.72; boundary=0.39,0.72,0.39,0.69,morning:archive_update,True,True
102,8,Hearthline,Sova,day 7 Sova did boundary_review while avatar was absent_saved; trust=0.58; boundary=0.26,day 8 Sova did work_project while avatar was present_passive; trust=0.58; boundary=0.26,0.584,0.264,0.55,morning:work_project,False,True
103,8,Routeline,Keth,day 7 Keth did boundary_review while avatar was present_passive; trust=0.60; boundary=0.28,day 8 Keth did work_project while avatar was absent_saved; trust=0.60; boundary=0.28,0.604,0.276,0.57,midday:work_project,True,True
104,8,Marketline,Melo,day 7 Melo did agent_checkin while avatar was absent_saved; trust=0.70; boundary=0.32,day 8 Melo did agent_checkin while avatar was present_passive; trust=0.71; boundary=0.32,0.708,0.324,0.59,midday:agent_checkin,False,True
105,8,Ledgerline,Nari,day 8 Nari did archive_update while avatar was absent_saved; trust=0.68; boundary=0.34,day 8 Nari did maintain_tool while avatar was idle_nearby; trust=0.68; boundary=0.34,0.68,0.336,0.655,midday:maintain_tool,True,True
106,8,Orchardline,Ori,day 8 Ori did route_patrol while avatar was absent_saved; trust=0.75; boundary=0.35,day 8 Ori did share_resource while avatar was absent_saved; trust=0.76; boundary=0.35,0.76,0.348,0.63,midday:share_resource,True,True
107,8,Rainline,Vonn,day 8 Vonn did archive_update while avatar was idle_nearby; trust=0.72; boundary=0.39,day 8 Vonn did maintain_tool while avatar was absent_saved; trust=0.72; boundary=0.39,0.72,0.39,0.69,midday:maintain_tool,True,True
108,8,Hearthline,Sova,day 8 Sova did work_project while avatar was present_passive; trust=0.58; boundary=0.26,day 8 Sova did boundary_review while avatar was idle_nearby; trust=0.58; boundary=0.26,0.58,0.26,0.55,evening:boundary_review,True,True
109,8,Routeline,Keth,day 8 Keth did work_project while avatar was absent_saved; trust=0.60; boundary=0.28,day 8 Keth did boundary_review while avatar was present_passive; trust=0.60; boundary=0.27,0.6,0.272,0.57,evening:boundary_review,False,True
110,8,Marketline,Melo,day 8 Melo did agent_checkin while avatar was present_passive; trust=0.71; boundary=0.32,day 8 Melo did weather_watch while avatar was absent_saved; trust=0.71; boundary=0.32,0.708,0.324,0.59,evening:weather_watch,True,True
111,8,Ledgerline,Nari,day 8 Nari did maintain_tool while avatar was idle_nearby; trust=0.68; boundary=0.34,day 8 Nari did archive_update while avatar was present_passive; trust=0.68; boundary=0.34,0.68,0.336,0.66,evening:archive_update,False,True
112,8,Orchardline,Ori,day 8 Ori did share_resource while avatar was absent_saved; trust=0.76; boundary=0.35,day 8 Ori did route_patrol while avatar was idle_nearby; trust=0.76; boundary=0.35,0.76,0.348,0.63,evening:route_patrol,True,True
113,9,Hearthline,Sova,day 8 Sova did boundary_review while avatar was idle_nearby; trust=0.58; boundary=0.26,day 9 Sova did work_project while avatar was absent_saved; trust=0.58; boundary=0.26,0.58,0.26,0.55,morning:work_project,True,True
114,9,Routeline,Keth,day 8 Keth did boundary_review while avatar was present_passive; trust=0.60; boundary=0.27,day 9 Keth did work_project while avatar was idle_nearby; trust=0.60; boundary=0.27,0.6,0.272,0.57,morning:work_project,True,True
115,9,Marketline,Melo,day 8 Melo did weather_watch while avatar was absent_saved; trust=0.71; boundary=0.32,day 9 Melo did agent_checkin while avatar was present_passive; trust=0.71; boundary=0.32,0.714,0.324,0.59,morning:agent_checkin,False,True
116,9,Ledgerline,Nari,day 8 Nari did archive_update while avatar was present_passive; trust=0.68; boundary=0.34,day 9 Nari did maintain_tool while avatar was absent_saved; trust=0.68; boundary=0.34,0.68,0.336,0.66,morning:maintain_tool,True,True
117,9,Orchardline,Ori,day 8 Ori did route_patrol while avatar was idle_nearby; trust=0.76; boundary=0.35,day 9 Ori did share_resource while avatar was present_passive; trust=0.77; boundary=0.35,0.766,0.348,0.63,midday:share_resource,False,True
118,9,Rainline,Vonn,day 8 Vonn did maintain_tool while avatar was absent_saved; trust=0.72; boundary=0.39,day 9 Vonn did maintain_tool while avatar was idle_nearby; trust=0.72; boundary=0.39,0.72,0.39,0.69,midday:maintain_tool,True,True
119,9,Hearthline,Sova,day 9 Sova did work_project while avatar was absent_saved; trust=0.58; boundary=0.26,day 9 Sova did boundary_review while avatar was absent_saved; trust=0.58; boundary=0.26,0.576,0.256,0.55,midday:boundary_review,True,True
120,9,Routeline,Keth,day 9 Keth did work_project while avatar was idle_nearby; trust=0.60; boundary=0.27,day 9 Keth did boundary_review while avatar was absent_saved; trust=0.60; boundary=0.27,0.596,0.268,0.57,midday:boundary_review,True,True
121,9,Marketline,Melo,day 9 Melo did agent_checkin while avatar was present_passive; trust=0.71; boundary=0.32,day 9 Melo did weather_watch while avatar was idle_nearby; trust=0.71; boundary=0.32,0.714,0.324,0.59,midday:weather_watch,True,True
122,9,Ledgerline,Nari,day 9 Nari did maintain_tool while avatar was absent_saved; trust=0.68; boundary=0.34,day 9 Nari did archive_update while avatar was present_passive; trust=0.68; boundary=0.34,0.68,0.336,0.665,evening:archive_update,False,True
123,9,Orchardline,Ori,day 9 Ori did share_resource while avatar was present_passive; trust=0.77; boundary=0.35,day 9 Ori did route_patrol while avatar was absent_saved; trust=0.77; boundary=0.35,0.766,0.348,0.63,evening:route_patrol,True,True
124,9,Rainline,Vonn,day 9 Vonn did maintain_tool while avatar was idle_nearby; trust=0.72; boundary=0.39,day 9 Vonn did archive_update while avatar was present_passive; trust=0.72; boundary=0.39,0.72,0.39,0.695,evening:archive_update,False,True
125,9,Hearthline,Sova,day 9 Sova did boundary_review while avatar was absent_saved; trust=0.58; boundary=0.26,day 9 Sova did work_project while avatar was idle_nearby; trust=0.58; boundary=0.26,0.576,0.256,0.55,evening:work_project,True,True
126,9,Routeline,Keth,day 9 Keth did boundary_review while avatar was absent_saved; trust=0.60; boundary=0.27,day 9 Keth did work_project while avatar was absent_saved; trust=0.60; boundary=0.27,0.596,0.268,0.57,evening:work_project,True,True
127,10,Ledgerline,Nari,day 9 Nari did archive_update while avatar was present_passive; trust=0.68; boundary=0.34,day 10 Nari did maintain_tool while avatar was idle_nearby; trust=0.68; boundary=0.34,0.68,0.336,0.665,morning:maintain_tool,True,True
128,10,Orchardline,Ori,day 9 Ori did route_patrol while avatar was absent_saved; trust=0.77; boundary=0.35,day 10 Ori did share_resource while avatar was present_passive; trust=0.77; boundary=0.35,0.772,0.348,0.63,morning:share_resource,False,True
129,10,Rainline,Vonn,day 9 Vonn did archive_update while avatar was present_passive; trust=0.72; boundary=0.39,day 10 Vonn did maintain_tool while avatar was absent_saved; trust=0.72; boundary=0.39,0.72,0.393,0.695,morning:maintain_tool,True,True
130,10,Hearthline,Sova,day 9 Sova did work_project while avatar was idle_nearby; trust=0.58; boundary=0.26,day 10 Sova did boundary_review while avatar was present_passive; trust=0.57; boundary=0.25,0.572,0.252,0.55,morning:boundary_review,False,True
131,10,Routeline,Keth,day 9 Keth did work_project while avatar was absent_saved; trust=0.60; boundary=0.27,day 10 Keth did boundary_review while avatar was idle_nearby; trust=0.59; boundary=0.26,0.592,0.264,0.57,midday:boundary_review,True,True
132,10,Marketline,Melo,day 9 Melo did weather_watch while avatar was idle_nearby; trust=0.71; boundary=0.32,day 10 Melo did weather_watch while avatar was absent_saved; trust=0.71; boundary=0.32,0.714,0.324,0.59,midday:weather_watch,True,True
133,10,Ledgerline,Nari,day 10 Nari did maintain_tool while avatar was idle_nearby; trust=0.68; boundary=0.34,day 10 Nari did archive_update while avatar was absent_saved; trust=0.68; boundary=0.34,0.68,0.336,0.67,midday:archive_update,True,True
134,10,Orchardline,Ori,day 10 Ori did share_resource while avatar was present_passive; trust=0.77; boundary=0.35,day 10 Ori did route_patrol while avatar was idle_nearby; trust=0.77; boundary=0.35,0.772,0.348,0.63,midday:route_patrol,True,True
135,10,Rainline,Vonn,day 10 Vonn did maintain_tool while avatar was absent_saved; trust=0.72; boundary=0.39,day 10 Vonn did archive_update while avatar was present_passive; trust=0.72; boundary=0.40,0.72,0.396,0.7,midday:archive_update,False,True
136,10,Hearthline,Sova,day 10 Sova did boundary_review while avatar was present_passive; trust=0.57; boundary=0.25,day 10 Sova did work_project while avatar was absent_saved; trust=0.57; boundary=0.25,0.572,0.252,0.55,evening:work_project,True,True
137,10,Routeline,Keth,day 10 Keth did boundary_review while avatar was idle_nearby; trust=0.59; boundary=0.26,day 10 Keth did work_project while avatar was present_passive; trust=0.59; boundary=0.26,0.592,0.264,0.57,evening:work_project,False,True
138,10,Marketline,Melo,day 10 Melo did weather_watch while avatar was absent_saved; trust=0.71; boundary=0.32,day 10 Melo did agent_checkin while avatar was idle_nearby; trust=0.72; boundary=0.32,0.72,0.324,0.59,evening:agent_checkin,True,True
139,10,Ledgerline,Nari,day 10 Nari did archive_update while avatar was absent_saved; trust=0.68; boundary=0.34,day 10 Nari did maintain_tool while avatar was absent_saved; trust=0.68; boundary=0.34,0.68,0.336,0.67,evening:maintain_tool,True,True
140,10,Orchardline,Ori,day 10 Ori did route_patrol while avatar was idle_nearby; trust=0.77; boundary=0.35,day 10 Ori did share_resource while avatar was absent_saved; trust=0.78; boundary=0.35,0.778,0.348,0.63,evening:share_resource,True,True
141,11,Hearthline,Sova,day 10 Sova did work_project while avatar was absent_saved; trust=0.57; boundary=0.25,day 11 Sova did boundary_review while avatar was present_passive; trust=0.57; boundary=0.25,0.568,0.248,0.55,morning:boundary_review,False,True
142,11,Routeline,Keth,day 10 Keth did work_project while avatar was present_passive; trust=0.59; boundary=0.26,day 11 Keth did boundary_review while avatar was absent_saved; trust=0.59; boundary=0.26,0.588,0.26,0.57,morning:boundary_review,True,True
143,11,Marketline,Melo,day 10 Melo did agent_checkin while avatar was idle_nearby; trust=0.72; boundary=0.32,day 11 Melo did weather_watch while avatar was present_passive; trust=0.72; boundary=0.32,0.72,0.324,0.59,morning:weather_watch,False,True
144,11,Ledgerline,Nari,day 10 Nari did maintain_tool while avatar was absent_saved; trust=0.68; boundary=0.34,day 11 Nari did archive_update while avatar was idle_nearby; trust=0.68; boundary=0.34,0.68,0.336,0.675,morning:archive_update,True,True
145,11,Orchardline,Ori,day 10 Ori did share_resource while avatar was absent_saved; trust=0.78; boundary=0.35,day 11 Ori did route_patrol while avatar was absent_saved; trust=0.78; boundary=0.35,0.778,0.348,0.63,midday:route_patrol,True,True
146,11,Rainline,Vonn,day 10 Vonn did archive_update while avatar was present_passive; trust=0.72; boundary=0.40,day 11 Vonn did archive_update while avatar was absent_saved; trust=0.72; boundary=0.40,0.72,0.399,0.705,midday:archive_update,True,True
147,11,Hearthline,Sova,day 11 Sova did boundary_review while avatar was present_passive; trust=0.57; boundary=0.25,day 11 Sova did work_project while avatar was idle_nearby; trust=0.57; boundary=0.25,0.568,0.248,0.55,midday:work_project,True,True
148,11,Routeline,Keth,day 11 Keth did boundary_review while avatar was absent_saved; trust=0.59; boundary=0.26,day 11 Keth did work_project while avatar was present_passive; trust=0.59; boundary=0.26,0.588,0.26,0.57,midday:work_project,False,True
149,11,Marketline,Melo,day 11 Melo did weather_watch while avatar was present_passive; trust=0.72; boundary=0.32,day 11 Melo did agent_checkin while avatar was absent_saved; trust=0.73; boundary=0.32,0.726,0.324,0.59,midday:agent_checkin,True,True
150,11,Ledgerline,Nari,day 11 Nari did archive_update while avatar was idle_nearby; trust=0.68; boundary=0.34,day 11 Nari did maintain_tool while avatar was present_passive; trust=0.68; boundary=0.34,0.68,0.336,0.675,evening:maintain_tool,False,True
151,11,Orchardline,Ori,day 11 Ori did route_patrol while avatar was absent_saved; trust=0.78; boundary=0.35,day 11 Ori did share_resource while avatar was idle_nearby; trust=0.78; boundary=0.35,0.784,0.348,0.63,evening:share_resource,True,True
152,11,Rainline,Vonn,day 11 Vonn did archive_update while avatar was absent_saved; trust=0.72; boundary=0.40,day 11 Vonn did maintain_tool while avatar was absent_saved; trust=0.72; boundary=0.40,0.72,0.402,0.705,evening:maintain_tool,True,True
153,11,Hearthline,Sova,day 11 Sova did work_project while avatar was idle_nearby; trust=0.57; boundary=0.25,day 11 Sova did boundary_review while avatar was absent_saved; trust=0.56; boundary=0.24,0.564,0.244,0.55,evening:boundary_review,True,True
154,11,Routeline,Keth,day 11 Keth did work_project while avatar was present_passive; trust=0.59; boundary=0.26,day 11 Keth did boundary_review while avatar was idle_nearby; trust=0.58; boundary=0.26,0.584,0.256,0.57,evening:boundary_review,True,True
155,12,Ledgerline,Nari,day 11 Nari did maintain_tool while avatar was present_passive; trust=0.68; boundary=0.34,day 12 Nari did archive_update while avatar was absent_saved; trust=0.68; boundary=0.34,0.68,0.336,0.68,morning:archive_update,True,True
156,12,Orchardline,Ori,day 11 Ori did share_resource while avatar was idle_nearby; trust=0.78; boundary=0.35,day 12 Ori did route_patrol while avatar was present_passive; trust=0.78; boundary=0.35,0.784,0.348,0.63,morning:route_patrol,False,True
157,12,Rainline,Vonn,day 11 Vonn did maintain_tool while avatar was absent_saved; trust=0.72; boundary=0.40,day 12 Vonn did archive_update while avatar was idle_nearby; trust=0.72; boundary=0.41,0.72,0.405,0.71,morning:archive_update,True,True
158,12,Hearthline,Sova,day 11 Sova did boundary_review while avatar was absent_saved; trust=0.56; boundary=0.24,day 12 Sova did work_project while avatar was absent_saved; trust=0.56; boundary=0.24,0.564,0.244,0.55,morning:work_project,True,True
159,12,Routeline,Keth,day 11 Keth did boundary_review while avatar was idle_nearby; trust=0.58; boundary=0.26,day 12 Keth did work_project while avatar was absent_saved; trust=0.58; boundary=0.26,0.584,0.256,0.57,midday:work_project,True,True
160,12,Marketline,Melo,day 11 Melo did agent_checkin while avatar was absent_saved; trust=0.73; boundary=0.32,day 12 Melo did agent_checkin while avatar was idle_nearby; trust=0.73; boundary=0.32,0.732,0.324,0.59,midday:agent_checkin,True,True
161,12,Ledgerline,Nari,day 12 Nari did archive_update while avatar was absent_saved; trust=0.68; boundary=0.34,day 12 Nari did maintain_tool while avatar was present_passive; trust=0.68; boundary=0.34,0.68,0.336,0.68,midday:maintain_tool,False,True
162,12,Orchardline,Ori,day 12 Ori did route_patrol while avatar was present_passive; trust=0.78; boundary=0.35,day 12 Ori did share_resource while avatar was absent_saved; trust=0.79; boundary=0.35,0.79,0.348,0.63,midday:share_resource,True,True
163,12,Rainline,Vonn,day 12 Vonn did archive_update while avatar was idle_nearby; trust=0.72; boundary=0.41,day 12 Vonn did maintain_tool while avatar was present_passive; trust=0.72; boundary=0.41,0.72,0.405,0.71,midday:maintain_tool,False,True
164,12,Hearthline,Sova,day 12 Sova did work_project while avatar was absent_saved; trust=0.56; boundary=0.24,day 12 Sova did boundary_review while avatar was idle_nearby; trust=0.56; boundary=0.24,0.56,0.24,0.55,evening:boundary_review,True,True
165,12,Routeline,Keth,day 12 Keth did work_project while avatar was absent_saved; trust=0.58; boundary=0.26,day 12 Keth did boundary_review while avatar was absent_saved; trust=0.58; boundary=0.25,0.58,0.252,0.57,evening:boundary_review,True,True
166,12,Marketline,Melo,day 12 Melo did agent_checkin while avatar was idle_nearby; trust=0.73; boundary=0.32,day 12 Melo did weather_watch while avatar was absent_saved; trust=0.73; boundary=0.32,0.732,0.324,0.59,evening:weather_watch,True,True
167,12,Ledgerline,Nari,day 12 Nari did maintain_tool while avatar was present_passive; trust=0.68; boundary=0.34,day 12 Nari did archive_update while avatar was idle_nearby; trust=0.68; boundary=0.34,0.68,0.336,0.685,evening:archive_update,True,True
168,12,Orchardline,Ori,day 12 Ori did share_resource while avatar was absent_saved; trust=0.79; boundary=0.35,day 12 Ori did route_patrol while avatar was present_passive; trust=0.79; boundary=0.35,0.79,0.348,0.63,evening:route_patrol,False,True
169,13,Hearthline,Sova,day 12 Sova did boundary_review while avatar was idle_nearby; trust=0.56; boundary=0.24,day 13 Sova did work_project while avatar was present_passive; trust=0.56; boundary=0.24,0.56,0.24,0.55,morning:work_project,False,True
170,13,Routeline,Keth,day 12 Keth did boundary_review while avatar was absent_saved; trust=0.58; boundary=0.25,day 13 Keth did work_project while avatar was idle_nearby; trust=0.58; boundary=0.25,0.58,0.252,0.57,morning:work_project,True,True
171,13,Marketline,Melo,day 12 Melo did weather_watch while avatar was absent_saved; trust=0.73; boundary=0.32,day 13 Melo did agent_checkin while avatar was absent_saved; trust=0.74; boundary=0.32,0.738,0.324,0.59,morning:agent_checkin,True,True
172,13,Ledgerline,Nari,day 12 Nari did archive_update while avatar was idle_nearby; trust=0.68; boundary=0.34,day 13 Nari did maintain_tool while avatar was absent_saved; trust=0.68; boundary=0.34,0.68,0.336,0.685,morning:maintain_tool,True,True
173,13,Orchardline,Ori,day 12 Ori did route_patrol while avatar was present_passive; trust=0.79; boundary=0.35,day 13 Ori did share_resource while avatar was idle_nearby; trust=0.80; boundary=0.35,0.796,0.348,0.63,midday:share_resource,True,True
174,13,Rainline,Vonn,day 12 Vonn did maintain_tool while avatar was present_passive; trust=0.72; boundary=0.41,day 13 Vonn did maintain_tool while avatar was present_passive; trust=0.72; boundary=0.41,0.72,0.405,0.71,midday:maintain_tool,False,True
175,13,Hearthline,Sova,day 13 Sova did work_project while avatar was present_passive; trust=0.56; boundary=0.24,day 13 Sova did boundary_review while avatar was absent_saved; trust=0.56; boundary=0.24,0.556,0.236,0.55,midday:boundary_review,True,True
176,13,Routeline,Keth,day 13 Keth did work_project while avatar was idle_nearby; trust=0.58; boundary=0.25,day 13 Keth did boundary_review while avatar was present_passive; trust=0.58; boundary=0.25,0.576,0.248,0.57,midday:boundary_review,False,True
177,13,Marketline,Melo,day 13 Melo did agent_checkin while avatar was absent_saved; trust=0.74; boundary=0.32,day 13 Melo did weather_watch while avatar was idle_nearby; trust=0.74; boundary=0.32,0.738,0.324,0.59,midday:weather_watch,True,True
178,13,Ledgerline,Nari,day 13 Nari did maintain_tool while avatar was absent_saved; trust=0.68; boundary=0.34,day 13 Nari did archive_update while avatar was absent_saved; trust=0.68; boundary=0.34,0.68,0.336,0.69,evening:archive_update,True,True
179,13,Orchardline,Ori,day 13 Ori did share_resource while avatar was idle_nearby; trust=0.80; boundary=0.35,day 13 Ori did route_patrol while avatar was absent_saved; trust=0.80; boundary=0.35,0.796,0.348,0.63,evening:route_patrol,True,True
180,13,Rainline,Vonn,day 13 Vonn did maintain_tool while avatar was present_passive; trust=0.72; boundary=0.41,day 13 Vonn did archive_update while avatar was idle_nearby; trust=0.72; boundary=0.41,0.72,0.405,0.715,evening:archive_update,True,True
181,13,Hearthline,Sova,day 13 Sova did boundary_review while avatar was absent_saved; trust=0.56; boundary=0.24,day 13 Sova did work_project while avatar was present_passive; trust=0.56; boundary=0.24,0.556,0.236,0.55,evening:work_project,False,True
182,13,Routeline,Keth,day 13 Keth did boundary_review while avatar was present_passive; trust=0.58; boundary=0.25,day 13 Keth did work_project while avatar was absent_saved; trust=0.58; boundary=0.25,0.576,0.248,0.57,evening:work_project,True,True
183,14,Ledgerline,Nari,day 13 Nari did archive_update while avatar was absent_saved; trust=0.68; boundary=0.34,day 14 Nari did maintain_tool while avatar was idle_nearby; trust=0.68; boundary=0.34,0.68,0.336,0.69,morning:maintain_tool,True,True
184,14,Orchardline,Ori,day 13 Ori did route_patrol while avatar was absent_saved; trust=0.80; boundary=0.35,day 14 Ori did share_resource while avatar was absent_saved; trust=0.80; boundary=0.35,0.802,0.348,0.63,morning:share_resource,True,True
185,14,Rainline,Vonn,day 13 Vonn did archive_update while avatar was idle_nearby; trust=0.72; boundary=0.41,day 14 Vonn did maintain_tool while avatar was absent_saved; trust=0.72; boundary=0.41,0.72,0.405,0.715,morning:maintain_tool,True,True
186,14,Hearthline,Sova,day 13 Sova did work_project while avatar was present_passive; trust=0.56; boundary=0.24,day 14 Sova did boundary_review while avatar was idle_nearby; trust=0.55; boundary=0.23,0.552,0.232,0.55,morning:boundary_review,True,True
187,14,Routeline,Keth,day 13 Keth did work_project while avatar was absent_saved; trust=0.58; boundary=0.25,day 14 Keth did boundary_review while avatar was present_passive; trust=0.57; boundary=0.24,0.572,0.244,0.57,midday:boundary_review,False,True
188,14,Marketline,Melo,day 13 Melo did weather_watch while avatar was idle_nearby; trust=0.74; boundary=0.32,day 14 Melo did weather_watch while avatar was absent_saved; trust=0.74; boundary=0.32,0.738,0.324,0.59,midday:weather_watch,True,True
189,14,Ledgerline,Nari,day 14 Nari did maintain_tool while avatar was idle_nearby; trust=0.68; boundary=0.34,day 14 Nari did archive_update while avatar was present_passive; trust=0.68; boundary=0.34,0.68,0.336,0.695,midday:archive_update,False,True
190,14,Orchardline,Ori,day 14 Ori did share_resource while avatar was absent_saved; trust=0.80; boundary=0.35,day 14 Ori did route_patrol while avatar was idle_nearby; trust=0.80; boundary=0.35,0.802,0.348,0.63,midday:route_patrol,True,True
191,14,Rainline,Vonn,day 14 Vonn did maintain_tool while avatar was absent_saved; trust=0.72; boundary=0.41,day 14 Vonn did archive_update while avatar was absent_saved; trust=0.72; boundary=0.41,0.72,0.405,0.72,midday:archive_update,True,True
192,14,Hearthline,Sova,day 14 Sova did boundary_review while avatar was idle_nearby; trust=0.55; boundary=0.23,day 14 Sova did work_project while avatar was absent_saved; trust=0.55; boundary=0.23,0.552,0.232,0.55,evening:work_project,True,True
193,14,Routeline,Keth,day 14 Keth did boundary_review while avatar was present_passive; trust=0.57; boundary=0.24,day 14 Keth did work_project while avatar was idle_nearby; trust=0.57; boundary=0.24,0.572,0.244,0.57,evening:work_project,True,True
194,14,Marketline,Melo,day 14 Melo did weather_watch while avatar was absent_saved; trust=0.74; boundary=0.32,day 14 Melo did agent_checkin while avatar was present_passive; trust=0.74; boundary=0.32,0.744,0.324,0.59,evening:agent_checkin,False,True
195,14,Ledgerline,Nari,day 14 Nari did archive_update while avatar was present_passive; trust=0.68; boundary=0.34,day 14 Nari did maintain_tool while avatar was absent_saved; trust=0.68; boundary=0.34,0.68,0.336,0.695,evening:maintain_tool,True,True
196,14,Orchardline,Ori,day 14 Ori did route_patrol while avatar was idle_nearby; trust=0.80; boundary=0.35,day 14 Ori did share_resource while avatar was present_passive; trust=0.81; boundary=0.35,0.808,0.348,0.63,evening:share_resource,False,True
197,15,Hearthline,Sova,day 14 Sova did work_project while avatar was absent_saved; trust=0.55; boundary=0.23,day 15 Sova did boundary_review while avatar was absent_saved; trust=0.55; boundary=0.23,0.548,0.228,0.55,morning:boundary_review,True,True
198,15,Routeline,Keth,day 14 Keth did work_project while avatar was idle_nearby; trust=0.57; boundary=0.24,day 15 Keth did boundary_review while avatar was absent_saved; trust=0.57; boundary=0.24,0.568,0.24,0.57,morning:boundary_review,True,True
199,15,Marketline,Melo,day 14 Melo did agent_checkin while avatar was present_passive; trust=0.74; boundary=0.32,day 15 Melo did weather_watch while avatar was idle_nearby; trust=0.74; boundary=0.32,0.744,0.324,0.59,morning:weather_watch,True,True
200,15,Ledgerline,Nari,day 14 Nari did maintain_tool while avatar was absent_saved; trust=0.68; boundary=0.34,day 15 Nari did archive_update while avatar was present_passive; trust=0.68; boundary=0.34,0.68,0.336,0.7,morning:archive_update,False,True
201,15,Orchardline,Ori,day 14 Ori did share_resource while avatar was present_passive; trust=0.81; boundary=0.35,day 15 Ori did route_patrol while avatar was absent_saved; trust=0.81; boundary=0.35,0.808,0.348,0.63,midday:route_patrol,True,True
202,15,Rainline,Vonn,day 14 Vonn did archive_update while avatar was absent_saved; trust=0.72; boundary=0.41,day 15 Vonn did archive_update while avatar was present_passive; trust=0.72; boundary=0.41,0.72,0.408,0.725,midday:archive_update,False,True
203,15,Hearthline,Sova,day 15 Sova did boundary_review while avatar was absent_saved; trust=0.55; boundary=0.23,day 15 Sova did work_project while avatar was idle_nearby; trust=0.55; boundary=0.23,0.548,0.228,0.55,midday:work_project,True,True
204,15,Routeline,Keth,day 15 Keth did boundary_review while avatar was absent_saved; trust=0.57; boundary=0.24,day 15 Keth did work_project while avatar was absent_saved; trust=0.57; boundary=0.24,0.568,0.24,0.57,midday:work_project,True,True
205,15,Marketline,Melo,day 15 Melo did weather_watch while avatar was idle_nearby; trust=0.74; boundary=0.32,day 15 Melo did agent_checkin while avatar was absent_saved; trust=0.75; boundary=0.32,0.75,0.324,0.59,midday:agent_checkin,True,True
206,15,Ledgerline,Nari,day 15 Nari did archive_update while avatar was present_passive; trust=0.68; boundary=0.34,day 15 Nari did maintain_tool while avatar was idle_nearby; trust=0.68; boundary=0.34,0.68,0.336,0.7,evening:maintain_tool,True,True
207,15,Orchardline,Ori,day 15 Ori did route_patrol while avatar was absent_saved; trust=0.81; boundary=0.35,day 15 Ori did share_resource while avatar was present_passive; trust=0.81; boundary=0.35,0.814,0.348,0.63,evening:share_resource,False,True
208,15,Rainline,Vonn,day 15 Vonn did archive_update while avatar was present_passive; trust=0.72; boundary=0.41,day 15 Vonn did maintain_tool while avatar was absent_saved; trust=0.72; boundary=0.41,0.72,0.411,0.725,evening:maintain_tool,True,True
209,15,Hearthline,Sova,day 15 Sova did work_project while avatar was idle_nearby; trust=0.55; boundary=0.23,day 15 Sova did boundary_review while avatar was present_passive; trust=0.54; boundary=0.22,0.544,0.224,0.55,evening:boundary_review,False,True
210,15,Routeline,Keth,day 15 Keth did work_project while avatar was absent_saved; trust=0.57; boundary=0.24,day 15 Keth did boundary_review while avatar was idle_nearby; trust=0.56; boundary=0.24,0.564,0.236,0.57,evening:boundary_review,True,True
211,16,Ledgerline,Nari,day 15 Nari did maintain_tool while avatar was idle_nearby; trust=0.68; boundary=0.34,day 16 Nari did archive_update while avatar was absent_saved; trust=0.68; boundary=0.34,0.68,0.336,0.705,morning:archive_update,True,True
212,16,Orchardline,Ori,day 15 Ori did share_resource while avatar was present_passive; trust=0.81; boundary=0.35,day 16 Ori did route_patrol while avatar was idle_nearby; trust=0.81; boundary=0.35,0.814,0.348,0.63,morning:route_patrol,True,True
213,16,Rainline,Vonn,day 15 Vonn did maintain_tool while avatar was absent_saved; trust=0.72; boundary=0.41,day 16 Vonn did archive_update while avatar was present_passive; trust=0.72; boundary=0.41,0.72,0.414,0.73,morning:archive_update,False,True
214,16,Hearthline,Sova,day 15 Sova did boundary_review while avatar was present_passive; trust=0.54; boundary=0.22,day 16 Sova did work_project while avatar was absent_saved; trust=0.54; boundary=0.22,0.544,0.224,0.55,morning:work_project,True,True
215,16,Routeline,Keth,day 15 Keth did boundary_review while avatar was idle_nearby; trust=0.56; boundary=0.24,day 16 Keth did work_project while avatar was present_passive; trust=0.56; boundary=0.24,0.564,0.236,0.57,midday:work_project,False,True
216,16,Marketline,Melo,day 15 Melo did agent_checkin while avatar was absent_saved; trust=0.75; boundary=0.32,day 16 Melo did agent_checkin while avatar was idle_nearby; trust=0.76; boundary=0.32,0.756,0.324,0.59,midday:agent_checkin,True,True
217,16,Ledgerline,Nari,day 16 Nari did archive_update while avatar was absent_saved; trust=0.68; boundary=0.34,day 16 Nari did maintain_tool while avatar was absent_saved; trust=0.68; boundary=0.34,0.68,0.336,0.705,midday:maintain_tool,True,True
218,16,Orchardline,Ori,day 16 Ori did route_patrol while avatar was idle_nearby; trust=0.81; boundary=0.35,day 16 Ori did share_resource while avatar was absent_saved; trust=0.82; boundary=0.35,0.82,0.348,0.63,midday:share_resource,True,True
219,16,Rainline,Vonn,day 16 Vonn did archive_update while avatar was present_passive; trust=0.72; boundary=0.41,day 16 Vonn did maintain_tool while avatar was idle_nearby; trust=0.72; boundary=0.42,0.72,0.417,0.73,midday:maintain_tool,True,True
220,16,Hearthline,Sova,day 16 Sova did work_project while avatar was absent_saved; trust=0.54; boundary=0.22,day 16 Sova did boundary_review while avatar was present_passive; trust=0.54; boundary=0.22,0.54,0.22,0.55,evening:boundary_review,False,True
221,16,Routeline,Keth,day 16 Keth did work_project while avatar was present_passive; trust=0.56; boundary=0.24,day 16 Keth did boundary_review while avatar was absent_saved; trust=0.56; boundary=0.23,0.56,0.232,0.57,evening:boundary_review,True,True
222,16,Marketline,Melo,day 16 Melo did agent_checkin while avatar was idle_nearby; trust=0.76; boundary=0.32,day 16 Melo did weather_watch while avatar was present_passive; trust=0.76; boundary=0.32,0.756,0.324,0.59,evening:weather_watch,False,True
223,16,Ledgerline,Nari,day 16 Nari did maintain_tool while avatar was absent_saved; trust=0.68; boundary=0.34,day 16 Nari did archive_update while avatar was idle_nearby; trust=0.68; boundary=0.34,0.68,0.336,0.71,evening:archive_update,True,True
224,16,Orchardline,Ori,day 16 Ori did share_resource while avatar was absent_saved; trust=0.82; boundary=0.35,day 16 Ori did route_patrol while avatar was absent_saved; trust=0.82; boundary=0.35,0.82,0.348,0.63,evening:route_patrol,True,True
