tick_id,day,agent_id,my_body_score,my_object_score,my_home_score,my_choice_score,boundary_pressure,autonomy_pressure,felt_respect,self_confidence,social_face,boundary_phrase_public,self_boundary_intact
0,1,Ari,0.8148,0.8192,0.7792,0.8065,0.305,0.535,0.515,0.574,0.485,I can stay with this.,True
2,1,Nia,0.8148,0.8444,0.7504,0.7905,0.305,0.695,0.545,0.574,0.485,I need room to choose.,True
4,1,Ivo,0.8148,0.8318,0.7776,0.8165,0.175,0.435,0.65,0.574,0.522,I can stay with this.,True
7,1,Fay,0.8148,0.7976,0.7712,0.8235,0.175,0.365,0.72,0.574,0.522,I can stay with this.,True
9,1,Milo,0.8148,0.8156,0.7584,0.7926,0.226,0.674,0.565,0.574,0.522,That is mine; ask before touching it.,True
11,1,Juno,0.819,0.8048,0.7408,0.7915,0.226,0.685,0.665,0.595,0.522,I need room to choose.,True
12,2,Ari,0.8156,0.8192,0.7792,0.8061,0.311,0.539,0.55,0.578,0.487,That is mine; ask before touching it.,True
14,2,Nia,0.8156,0.8444,0.7504,0.7901,0.311,0.699,0.557,0.578,0.487,I need room to choose.,True
16,2,Ivo,0.8198,0.8318,0.7776,0.8161,0.13,0.439,0.71,0.599,0.524,I can stay with this.,True
17,2,Juno,0.8198,0.8048,0.7408,0.7911,0.232,0.689,0.677,0.599,0.524,I need room to choose.,True
19,2,Fay,0.8198,0.7976,0.7712,0.8231,0.13,0.369,0.78,0.599,0.524,I can stay with this.,True
21,2,Milo,0.8156,0.8156,0.7584,0.7871,0.311,0.729,0.5,0.578,0.524,That is mine; ask before touching it.,True
23,2,Juno,0.8206,0.8048,0.7408,0.7907,0.238,0.693,0.712,0.603,0.526,That is mine; ask before touching it.,True
24,3,Ari,0.8206,0.8192,0.7792,0.8086,0.317,0.514,0.585,0.603,0.489,I can stay with this.,True
26,3,Nia,0.8164,0.8444,0.7504,0.7926,0.266,0.674,0.617,0.582,0.515,I need room to choose.,True
28,3,Ivo,0.8206,0.8318,0.7776,0.8157,0.136,0.443,0.722,0.603,0.526,I can stay with this.,True
31,3,Fay,0.8206,0.7976,0.7712,0.8227,0.136,0.373,0.792,0.603,0.526,I can stay with this.,True
33,3,Milo,0.8164,0.8156,0.7584,0.7816,0.396,0.784,0.435,0.582,0.489,I need room to choose.,True
34,3,Ivo,0.8256,0.8318,0.7776,0.8182,0.142,0.418,0.757,0.628,0.528,I can stay with this.,True
35,3,Juno,0.8256,0.8048,0.7408,0.7932,0.244,0.668,0.747,0.628,0.528,I need room to choose.,True
36,4,Ari,0.8214,0.8192,0.7792,0.8031,0.402,0.569,0.52,0.607,0.491,That is mine; ask before touching it.,True
38,4,Nia,0.8172,0.8444,0.7504,0.7922,0.221,0.678,0.677,0.586,0.517,I need room to choose.,True
39,4,Milo,0.8214,0.8156,0.7584,0.7812,0.351,0.788,0.495,0.607,0.491,I need room to choose.,True
40,4,Ivo,0.8264,0.8318,0.7776,0.8178,0.148,0.422,0.769,0.632,0.53,I can stay with this.,True
43,4,Fay,0.8214,0.7976,0.7712,0.8223,0.142,0.377,0.804,0.607,0.528,I can stay with this.,True
45,4,Milo,0.8178,0.8156,0.7584,0.7757,0.436,0.843,0.43,0.589,0.456,I need room to choose.,True
47,4,Juno,0.8264,0.8048,0.7408,0.7877,0.329,0.723,0.682,0.632,0.53,That is mine; ask before touching it.,True
48,5,Ari,0.8222,0.8192,0.7792,0.7976,0.487,0.624,0.455,0.611,0.456,I need room to choose.,True
50,5,Nia,0.818,0.8444,0.7504,0.7947,0.176,0.653,0.737,0.59,0.519,I need room to choose.,True
52,5,Ivo,0.8272,0.8318,0.7776,0.8174,0.154,0.426,0.804,0.636,0.532,That is mine; ask before touching it.,True
55,5,Fay,0.8222,0.7976,0.7712,0.8219,0.148,0.381,0.839,0.611,0.53,That is mine; ask before touching it.,True
56,5,Nia,0.8188,0.8444,0.7504,0.7892,0.261,0.708,0.672,0.594,0.484,I need room to choose.,True
57,5,Milo,0.8228,0.8156,0.7584,0.7782,0.442,0.818,0.465,0.614,0.458,I need room to choose.,True
59,5,Juno,0.8272,0.8048,0.7408,0.7822,0.414,0.778,0.617,0.636,0.495,I need room to choose.,True
60,6,Ari,0.823,0.8192,0.7792,0.7972,0.493,0.628,0.467,0.615,0.458,I need room to choose.,True
61,6,Fay,0.823,0.7976,0.7712,0.8215,0.103,0.385,0.899,0.615,0.532,I can stay with this.,True
62,6,Nia,0.8238,0.8444,0.7504,0.7888,0.216,0.712,0.732,0.619,0.486,I need room to choose.,True
64,6,Ivo,0.828,0.8318,0.7776,0.8119,0.239,0.481,0.739,0.64,0.534,That is mine; ask before touching it.,True
67,6,Fay,0.8238,0.7976,0.7712,0.816,0.188,0.44,0.834,0.619,0.534,That is mine; ask before touching it.,True
69,6,Milo,0.8236,0.8156,0.7584,0.7778,0.448,0.822,0.5,0.618,0.46,That is mine; ask before touching it.,True
71,6,Juno,0.828,0.8048,0.7408,0.7818,0.42,0.782,0.652,0.64,0.497,That is mine; ask before touching it.,True
72,7,Ari,0.8238,0.8192,0.7792,0.7997,0.448,0.603,0.527,0.619,0.486,I can stay with this.,True
74,7,Nia,0.8246,0.8444,0.7504,0.7884,0.222,0.716,0.744,0.623,0.488,I need room to choose.,True
76,7,Ivo,0.8288,0.8318,0.7776,0.8064,0.324,0.536,0.674,0.644,0.499,I can stay with this.,True
78,7,Ari,0.8246,0.8192,0.7792,0.7993,0.454,0.607,0.562,0.623,0.488,That is mine; ask before touching it.,True
79,7,Fay,0.8246,0.7976,0.7712,0.8105,0.273,0.495,0.769,0.623,0.499,I can stay with this.,True
81,7,Milo,0.8286,0.8156,0.7584,0.7803,0.454,0.797,0.535,0.643,0.462,I need room to choose.,True
83,7,Juno,0.833,0.8048,0.7408,0.7843,0.426,0.757,0.687,0.665,0.499,I need room to choose.,True
84,8,Ari,0.8254,0.8192,0.7792,0.7989,0.409,0.611,0.622,0.627,0.49,I can stay with this.,True
86,8,Nia,0.8254,0.8444,0.7504,0.788,0.228,0.72,0.756,0.627,0.49,I need room to choose.,True
88,8,Ivo,0.8252,0.8318,0.7776,0.8009,0.409,0.591,0.609,0.626,0.464,I can stay with this.,True
91,8,Fay,0.821,0.7976,0.7712,0.805,0.358,0.55,0.704,0.605,0.464,I can stay with this.,True
93,8,Milo,0.8294,0.8156,0.7584,0.7748,0.539,0.852,0.47,0.647,0.464,That is mine; ask before touching it.,True
95,8,Juno,0.8338,0.8048,0.7408,0.7788,0.511,0.812,0.622,0.669,0.501,That is mine; ask before touching it.,True
96,9,Ari,0.8262,0.8192,0.7792,0.8014,0.364,0.586,0.682,0.631,0.492,I can stay with this.,True
98,9,Nia,0.8262,0.8444,0.7504,0.7876,0.234,0.724,0.791,0.631,0.492,That is mine; ask before touching it.,True
100,9,Ivo,0.8302,0.8318,0.7776,0.8034,0.415,0.566,0.644,0.651,0.466,I can stay with this.,True
101,9,Juno,0.8388,0.8048,0.7408,0.7813,0.517,0.787,0.657,0.694,0.503,I need room to choose.,True
103,9,Fay,0.826,0.7976,0.7712,0.8075,0.364,0.525,0.739,0.63,0.466,I can stay with this.,True
105,9,Milo,0.8302,0.8156,0.7584,0.7693,0.624,0.907,0.405,0.651,0.429,I need room to choose.,True
107,9,Juno,0.8396,0.8048,0.7408,0.7758,0.602,0.842,0.592,0.698,0.468,I need room to choose.,True
108,10,Fay,0.8268,0.7976,0.7712,0.8071,0.37,0.529,0.751,0.634,0.468,I can stay with this.,True
110,10,Milo,0.831,0.8156,0.7584,0.764,0.709,0.96,0.34,0.655,0.394,I need room to choose.,True
111,10,Ivo,0.8352,0.8318,0.7776,0.8059,0.421,0.541,0.679,0.676,0.468,I can stay with this.,True
112,10,Juno,0.8446,0.8048,0.7408,0.7783,0.608,0.817,0.627,0.723,0.47,I need room to choose.,True
115,10,Nia,0.8312,0.8444,0.7504,0.7901,0.24,0.699,0.826,0.656,0.494,I need room to choose.,True
117,10,Ivo,0.8402,0.8318,0.7776,0.8084,0.427,0.516,0.714,0.701,0.47,I can stay with this.,True
119,10,Ari,0.827,0.8192,0.7792,0.7959,0.449,0.641,0.617,0.635,0.457,I need room to choose.,True
120,11,Fay,0.8276,0.7976,0.7712,0.8067,0.376,0.533,0.763,0.638,0.47,I can stay with this.,True
122,11,Milo,0.8274,0.8156,0.7584,0.764,0.794,0.96,0.275,0.637,0.359,I need room to choose.,True
124,11,Juno,0.8454,0.8048,0.7408,0.7728,0.693,0.872,0.562,0.727,0.472,That is mine; ask before touching it.,True
127,11,Nia,0.832,0.8444,0.7504,0.7846,0.325,0.754,0.761,0.66,0.496,That is mine; ask before touching it.,True
128,11,Milo,0.8282,0.8156,0.7584,0.764,0.8,0.96,0.31,0.641,0.361,That is mine; ask before touching it.,True
129,11,Ivo,0.841,0.8318,0.7776,0.8029,0.512,0.571,0.649,0.705,0.472,That is mine; ask before touching it.,True
131,11,Ari,0.8278,0.8192,0.7792,0.7955,0.455,0.645,0.652,0.639,0.459,That is mine; ask before touching it.,True
132,12,Fay,0.8284,0.7976,0.7712,0.8063,0.382,0.537,0.798,0.642,0.472,That is mine; ask before touching it.,True
133,12,Nia,0.8328,0.8444,0.7504,0.7791,0.41,0.809,0.696,0.664,0.461,I need room to choose.,True
134,12,Milo,0.8332,0.8156,0.7584,0.7665,0.806,0.935,0.345,0.666,0.363,I need room to choose.,True
136,12,Juno,0.8462,0.8048,0.7408,0.7673,0.778,0.927,0.497,0.731,0.437,I need room to choose.,True
139,12,Nia,0.8336,0.8444,0.7504,0.7736,0.495,0.864,0.631,0.668,0.426,I need room to choose.,True
141,12,Ivo,0.8418,0.8318,0.7776,0.7974,0.597,0.626,0.584,0.709,0.437,I need room to choose.,True
143,12,Ari,0.8328,0.8192,0.7792,0.798,0.461,0.62,0.687,0.664,0.461,I need room to choose.,True
144,13,Fay,0.8292,0.7976,0.7712,0.8008,0.467,0.592,0.733,0.646,0.474,That is mine; ask before touching it.,True
146,13,Milo,0.834,0.8156,0.7584,0.7661,0.812,0.939,0.38,0.67,0.365,That is mine; ask before touching it.,True
148,13,Juno,0.847,0.8048,0.7408,0.7669,0.784,0.931,0.532,0.735,0.439,That is mine; ask before touching it.,True
150,13,Fay,0.83,0.7976,0.7712,0.7953,0.552,0.647,0.668,0.65,0.476,That is mine; ask before touching it.,True
151,13,Nia,0.8344,0.8444,0.7504,0.7732,0.501,0.868,0.666,0.672,0.428,That is mine; ask before touching it.,True
153,13,Ivo,0.8426,0.8318,0.7776,0.797,0.603,0.63,0.596,0.713,0.439,I need room to choose.,True
155,13,Ari,0.8336,0.8192,0.7792,0.7925,0.546,0.675,0.622,0.668,0.463,That is mine; ask before touching it.,True
156,14,Fay,0.8308,0.7976,0.7712,0.7898,0.637,0.702,0.603,0.654,0.441,I need room to choose.,True
158,14,Milo,0.839,0.8156,0.7584,0.7686,0.818,0.914,0.415,0.695,0.367,I need room to choose.,True
160,14,Juno,0.852,0.8048,0.7408,0.7694,0.79,0.906,0.567,0.76,0.441,I need room to choose.,True
161,14,Ari,0.8386,0.8192,0.7792,0.795,0.552,0.65,0.657,0.693,0.465,I need room to choose.,True
163,14,Nia,0.8394,0.8444,0.7504,0.7757,0.507,0.843,0.701,0.697,0.43,I need room to choose.,True
165,14,Ivo,0.8434,0.8318,0.7776,0.7995,0.558,0.605,0.656,0.717,0.467,I can stay with this.,True
167,14,Ari,0.8394,0.8192,0.7792,0.7895,0.637,0.705,0.592,0.697,0.43,I need room to choose.,True
168,15,Fay,0.8272,0.7976,0.7712,0.7843,0.722,0.757,0.538,0.636,0.406,I need room to choose.,True
170,15,Milo,0.8398,0.8156,0.7584,0.764,0.903,0.96,0.35,0.699,0.369,That is mine; ask before touching it.,True
172,15,Juno,0.8528,0.8048,0.7408,0.764,0.875,0.96,0.502,0.764,0.443,That is mine; ask before touching it.,True
175,15,Nia,0.8402,0.8444,0.7504,0.7702,0.592,0.898,0.636,0.701,0.432,That is mine; ask before touching it.,True
177,15,Ivo,0.8442,0.8318,0.7776,0.7991,0.513,0.609,0.716,0.721,0.469,I can stay with this.,True
179,15,Ari,0.8402,0.8192,0.7792,0.7891,0.643,0.709,0.604,0.701,0.432,I need room to choose.,True
180,16,Fay,0.8322,0.7976,0.7712,0.7868,0.728,0.732,0.573,0.661,0.408,I need room to choose.,True
182,16,Milo,0.8406,0.8156,0.7584,0.764,0.94,0.96,0.285,0.703,0.334,I need room to choose.,True
184,16,Juno,0.8536,0.8048,0.7408,0.764,0.94,0.96,0.437,0.768,0.408,I need room to choose.,True
187,16,Nia,0.841,0.8444,0.7504,0.7647,0.677,0.953,0.571,0.705,0.397,I need room to choose.,True
189,16,Ivo,0.845,0.8318,0.7776,0.8016,0.468,0.584,0.776,0.725,0.471,I can stay with this.,True
190,16,Juno,0.8544,0.8048,0.7408,0.764,0.94,0.96,0.449,0.772,0.41,I need room to choose.,True
191,16,Ari,0.841,0.8192,0.7792,0.7916,0.598,0.684,0.664,0.705,0.46,I need room to choose.,True
192,17,Fay,0.833,0.7976,0.7712,0.7864,0.734,0.736,0.608,0.665,0.41,That is mine; ask before touching it.,True
194,17,Milo,0.8414,0.8156,0.7584,0.764,0.94,0.96,0.32,0.707,0.336,That is mine; ask before touching it.,True
195,17,Ivo,0.8458,0.8318,0.7776,0.7961,0.553,0.639,0.711,0.729,0.473,That is mine; ask before touching it.,True
196,17,Juno,0.8552,0.8048,0.7408,0.764,0.94,0.96,0.461,0.776,0.412,I need room to choose.,True
199,17,Nia,0.8418,0.8444,0.7504,0.7643,0.683,0.957,0.583,0.709,0.399,I need room to choose.,True
201,17,Ivo,0.8508,0.8318,0.7776,0.7957,0.508,0.643,0.771,0.754,0.475,I need room to choose.,True
203,17,Ari,0.8418,0.8192,0.7792,0.7912,0.553,0.688,0.724,0.709,0.462,I need room to choose.,True
204,18,Fay,0.838,0.7976,0.7712,0.7889,0.74,0.711,0.643,0.69,0.412,I need room to choose.,True
206,18,Milo,0.8464,0.8156,0.7584,0.7665,0.94,0.935,0.355,0.732,0.338,I need room to choose.,True
208,18,Juno,0.856,0.8048,0.7408,0.7665,0.895,0.935,0.521,0.78,0.44,I need room to choose.,True
211,18,Nia,0.8426,0.8444,0.7504,0.7668,0.638,0.932,0.643,0.713,0.427,I need room to choose.,True
212,18,Milo,0.8472,0.8156,0.7584,0.769,0.895,0.91,0.415,0.736,0.34,I need room to choose.,True
213,18,Ivo,0.8516,0.8318,0.7776,0.7953,0.514,0.647,0.783,0.758,0.477,I need room to choose.,True
215,18,Ari,0.8426,0.8192,0.7792,0.7937,0.508,0.663,0.784,0.713,0.464,I need room to choose.,True
216,19,Fay,0.8388,0.7976,0.7712,0.7834,0.825,0.766,0.578,0.694,0.414,That is mine; ask before touching it.,True
217,19,Nia,0.8434,0.8444,0.7504,0.7664,0.644,0.936,0.678,0.717,0.429,That is mine; ask before touching it.,True
218,19,Milo,0.848,0.8156,0.7584,0.764,0.94,0.96,0.35,0.74,0.342,That is mine; ask before touching it.,True
220,19,Juno,0.8568,0.8048,0.7408,0.7661,0.85,0.939,0.581,0.784,0.442,I need room to choose.,True
223,19,Nia,0.8442,0.8444,0.7504,0.766,0.599,0.94,0.738,0.721,0.431,I need room to choose.,True
225,19,Ivo,0.8524,0.8318,0.7776,0.7949,0.52,0.651,0.795,0.762,0.479,I need room to choose.,True
227,19,Ari,0.8476,0.8192,0.7792,0.7933,0.463,0.667,0.844,0.738,0.466,I need room to choose.,True
228,20,Nia,0.845,0.8444,0.7504,0.7656,0.605,0.944,0.773,0.725,0.433,That is mine; ask before touching it.,True
230,20,Ivo,0.8532,0.8318,0.7776,0.7945,0.526,0.655,0.807,0.766,0.481,I need room to choose.,True
232,20,Ari,0.8484,0.8192,0.7792,0.7878,0.548,0.722,0.779,0.742,0.468,That is mine; ask before touching it.,True
233,20,Fay,0.8396,0.7976,0.7712,0.783,0.831,0.77,0.59,0.698,0.416,I need room to choose.,True
235,20,Milo,0.853,0.8156,0.7584,0.764,0.895,0.96,0.41,0.765,0.344,I need room to choose.,True
237,20,Juno,0.8576,0.8048,0.7408,0.764,0.935,0.96,0.516,0.788,0.444,That is mine; ask before touching it.,True
239,20,Fay,0.8404,0.7976,0.7712,0.7826,0.837,0.774,0.602,0.702,0.418,I need room to choose.,True
240,21,Nia,0.85,0.8444,0.7504,0.7681,0.611,0.919,0.808,0.75,0.435,I need room to choose.,True
242,21,Ivo,0.854,0.8318,0.7776,0.797,0.481,0.63,0.867,0.77,0.509,I need room to choose.,True
244,21,Ari,0.8492,0.8192,0.7792,0.7823,0.633,0.777,0.714,0.746,0.433,I need room to choose.,True
247,21,Milo,0.8538,0.8156,0.7584,0.764,0.901,0.96,0.422,0.769,0.346,I need room to choose.,True
249,21,Juno,0.8584,0.8048,0.7408,0.764,0.94,0.96,0.451,0.792,0.409,I need room to choose.,True
250,21,Ari,0.85,0.8192,0.7792,0.7819,0.639,0.781,0.726,0.75,0.435,I need room to choose.,True
251,21,Fay,0.8412,0.7976,0.7712,0.7822,0.843,0.778,0.637,0.706,0.42,That is mine; ask before touching it.,True
252,22,Nia,0.8508,0.8444,0.7504,0.764,0.696,0.96,0.743,0.754,0.437,That is mine; ask before touching it.,True
254,22,Ivo,0.8548,0.8318,0.7776,0.7966,0.436,0.634,0.927,0.774,0.511,I need room to choose.,True
256,22,Ari,0.8508,0.8192,0.7792,0.7815,0.645,0.785,0.738,0.754,0.437,I need room to choose.,True
259,22,Milo,0.8546,0.8156,0.7584,0.764,0.907,0.96,0.434,0.773,0.348,I need room to choose.,True
261,22,Juno,0.8548,0.8048,0.7408,0.764,0.94,0.96,0.386,0.774,0.374,I need room to choose.,True
263,22,Fay,0.842,0.7976,0.7712,0.7767,0.928,0.833,0.572,0.71,0.422,That is mine; ask before touching it.,True
264,23,Nia,0.8516,0.8444,0.7504,0.764,0.781,0.96,0.678,0.758,0.402,I need room to choose.,True
266,23,Ivo,0.8556,0.8318,0.7776,0.7991,0.391,0.609,0.96,0.778,0.513,I can stay with this.,True
267,23,Juno,0.8556,0.8048,0.7408,0.764,0.94,0.96,0.398,0.778,0.376,I need room to choose.,True
268,23,Ari,0.8516,0.8192,0.7792,0.784,0.6,0.76,0.798,0.758,0.465,I need room to choose.,True
271,23,Milo,0.8554,0.8156,0.7584,0.764,0.913,0.96,0.469,0.777,0.35,That is mine; ask before touching it.,True
273,23,Juno,0.8606,0.8048,0.7408,0.7665,0.94,0.935,0.433,0.803,0.378,I need room to choose.,True
275,23,Fay,0.8428,0.7976,0.7712,0.7712,0.94,0.888,0.507,0.714,0.387,I need room to choose.,True
276,24,Nia,0.8524,0.8444,0.7504,0.764,0.787,0.96,0.69,0.762,0.404,I need room to choose.,True
278,24,Ivo,0.8606,0.8318,0.7776,0.7987,0.346,0.613,0.96,0.803,0.515,I can stay with this.,True
280,24,Ari,0.8524,0.8192,0.7792,0.7836,0.555,0.764,0.858,0.762,0.467,I need room to choose.,True
283,24,Milo,0.8562,0.8156,0.7584,0.764,0.94,0.96,0.404,0.781,0.352,That is mine; ask before touching it.,True
284,24,Ivo,0.857,0.8318,0.7776,0.7932,0.431,0.668,0.895,0.785,0.48,I need room to choose.,True
285,24,Juno,0.8614,0.8048,0.7408,0.7661,0.94,0.939,0.468,0.807,0.38,That is mine; ask before touching it.,True
287,24,Fay,0.8392,0.7976,0.7712,0.7657,0.94,0.943,0.442,0.696,0.352,I need room to choose.,True
288,25,Nia,0.8532,0.8444,0.7504,0.7665,0.742,0.935,0.75,0.766,0.432,I need room to choose.,True
289,25,Milo,0.857,0.8156,0.7584,0.7665,0.895,0.935,0.464,0.785,0.354,I need room to choose.,True
290,25,Ivo,0.8578,0.8318,0.7776,0.7928,0.437,0.672,0.907,0.789,0.482,I need room to choose.,True
292,25,Ari,0.8532,0.8192,0.7792,0.7861,0.51,0.739,0.918,0.766,0.469,I need room to choose.,True
295,25,Milo,0.8578,0.8156,0.7584,0.764,0.94,0.96,0.399,0.789,0.319,I need room to choose.,True
297,25,Juno,0.8664,0.8048,0.7408,0.7686,0.94,0.914,0.503,0.832,0.382,I need room to choose.,True
299,25,Fay,0.8442,0.7976,0.7712,0.7682,0.94,0.918,0.477,0.721,0.354,I need room to choose.,True
300,26,Nia,0.854,0.8444,0.7504,0.7661,0.697,0.939,0.81,0.77,0.434,I need room to choose.,True
302,26,Ivo,0.8586,0.8318,0.7776,0.7924,0.443,0.676,0.919,0.793,0.484,I need room to choose.,True
304,26,Ari,0.8582,0.8192,0.7792,0.7857,0.465,0.743,0.96,0.791,0.471,I need room to choose.,True
306,26,Nia,0.8548,0.8444,0.7504,0.764,0.782,0.96,0.745,0.774,0.436,That is mine; ask before touching it.,True
307,26,Milo,0.8542,0.8156,0.7584,0.764,0.94,0.96,0.334,0.771,0.284,I need room to choose.,True
309,26,Juno,0.8672,0.8048,0.7408,0.764,0.94,0.96,0.438,0.836,0.384,That is mine; ask before touching it.,True
311,26,Fay,0.845,0.7976,0.7712,0.7678,0.94,0.922,0.512,0.725,0.356,That is mine; ask before touching it.,True
312,27,Nia,0.8556,0.8444,0.7504,0.7665,0.737,0.935,0.805,0.778,0.438,I need room to choose.,True
314,27,Ivo,0.8594,0.8318,0.7776,0.792,0.449,0.68,0.954,0.797,0.486,That is mine; ask before touching it.,True
316,27,Ari,0.859,0.8192,0.7792,0.7853,0.471,0.747,0.96,0.795,0.473,I need room to choose.,True
317,27,Fay,0.8458,0.7976,0.7712,0.7674,0.94,0.926,0.547,0.729,0.358,That is mine; ask before touching it.,True
319,27,Milo,0.8592,0.8156,0.7584,0.7665,0.94,0.935,0.369,0.796,0.286,I need room to choose.,True
321,27,Juno,0.868,0.8048,0.7408,0.764,0.94,0.96,0.373,0.84,0.349,I need room to choose.,True
323,27,Fay,0.8508,0.7976,0.7712,0.7699,0.94,0.901,0.582,0.754,0.36,I need room to choose.,True
324,28,Nia,0.8606,0.8444,0.7504,0.7661,0.692,0.939,0.865,0.803,0.44,I need room to choose.,True
326,28,Ivo,0.8602,0.8318,0.7776,0.7865,0.534,0.735,0.889,0.801,0.488,That is mine; ask before touching it.,True
328,28,Ari,0.8598,0.8192,0.7792,0.7849,0.477,0.751,0.96,0.799,0.475,I need room to choose.,True
331,28,Milo,0.86,0.8156,0.7584,0.7661,0.94,0.939,0.404,0.8,0.288,That is mine; ask before touching it.,True
333,28,Juno,0.8688,0.8048,0.7408,0.764,0.94,0.96,0.408,0.844,0.351,That is mine; ask before touching it.,True
334,28,Ari,0.8606,0.8192,0.7792,0.7845,0.483,0.755,0.96,0.803,0.477,That is mine; ask before touching it.,True
335,28,Fay,0.8516,0.7976,0.7712,0.7644,0.94,0.956,0.517,0.758,0.362,That is mine; ask before touching it.,True
336,29,Nia,0.8614,0.8444,0.7504,0.7657,0.698,0.943,0.877,0.807,0.442,I need room to choose.,True
338,29,Ivo,0.861,0.8318,0.7776,0.781,0.619,0.79,0.824,0.805,0.453,I need room to choose.,True
340,29,Ari,0.8614,0.8192,0.7792,0.7841,0.489,0.759,0.96,0.807,0.479,That is mine; ask before touching it.,True
343,29,Milo,0.865,0.8156,0.7584,0.7686,0.94,0.914,0.439,0.825,0.29,I need room to choose.,True
345,29,Juno,0.8738,0.8048,0.7408,0.7665,0.94,0.935,0.443,0.869,0.353,I need room to choose.,True
347,29,Fay,0.8524,0.7976,0.7712,0.764,0.94,0.96,0.452,0.762,0.327,I need room to choose.,True
348,30,Milo,0.8658,0.8156,0.7584,0.7682,0.94,0.918,0.474,0.829,0.292,That is mine; ask before touching it.,True
350,30,Juno,0.8788,0.8048,0.7408,0.769,0.94,0.91,0.478,0.894,0.355,I need room to choose.,True
352,30,Fay,0.8532,0.7976,0.7712,0.764,0.94,0.96,0.387,0.766,0.292,I need room to choose.,True
355,30,Ivo,0.8618,0.8318,0.7776,0.7755,0.704,0.845,0.759,0.809,0.418,I need room to choose.,True
356,30,Juno,0.8838,0.8048,0.7408,0.7715,0.94,0.885,0.513,0.919,0.357,I need room to choose.,True
357,30,Ari,0.8664,0.8192,0.7792,0.7866,0.495,0.734,0.96,0.832,0.481,I need room to choose.,True
359,30,Nia,0.8664,0.8444,0.7504,0.7682,0.704,0.918,0.912,0.832,0.444,I need room to choose.,True
360,31,Milo,0.8666,0.8156,0.7584,0.764,0.94,0.96,0.409,0.833,0.294,That is mine; ask before touching it.,True
361,31,Ivo,0.8582,0.8318,0.7776,0.77,0.789,0.9,0.694,0.791,0.383,I need room to choose.,True
362,31,Juno,0.8846,0.8048,0.7408,0.7711,0.94,0.889,0.548,0.923,0.359,That is mine; ask before touching it.,True
364,31,Fay,0.8496,0.7976,0.7712,0.764,0.94,0.96,0.322,0.748,0.257,I need room to choose.,True
367,31,Ivo,0.859,0.8318,0.7776,0.7696,0.795,0.904,0.729,0.795,0.385,That is mine; ask before touching it.,True
369,31,Ari,0.8672,0.8192,0.7792,0.7811,0.58,0.789,0.895,0.836,0.483,That is mine; ask before touching it.,True
371,31,Nia,0.8672,0.8444,0.7504,0.764,0.789,0.96,0.847,0.836,0.446,That is mine; ask before touching it.,True
372,32,Milo,0.8674,0.8156,0.7584,0.764,0.94,0.96,0.344,0.837,0.259,I need room to choose.,True
374,32,Juno,0.8896,0.8048,0.7408,0.7736,0.94,0.864,0.583,0.948,0.361,I need room to choose.,True
376,32,Fay,0.8546,0.7976,0.7712,0.7665,0.94,0.935,0.357,0.773,0.259,I need room to choose.,True
378,32,Milo,0.8682,0.8156,0.7584,0.764,0.94,0.96,0.279,0.841,0.224,I need room to choose.,True
379,32,Ivo,0.864,0.8318,0.7776,0.7721,0.801,0.879,0.764,0.82,0.387,I need room to choose.,True
381,32,Ari,0.868,0.8192,0.7792,0.7756,0.665,0.844,0.83,0.84,0.448,I need room to choose.,True
383,32,Nia,0.868,0.8444,0.7504,0.764,0.874,0.96,0.782,0.84,0.411,I need room to choose.,True
384,33,Milo,0.8646,0.8156,0.7584,0.764,0.94,0.96,0.214,0.823,0.189,I need room to choose.,True
386,33,Juno,0.8904,0.8048,0.7408,0.7681,0.94,0.919,0.518,0.952,0.363,That is mine; ask before touching it.,True
388,33,Fay,0.8554,0.7976,0.7712,0.7661,0.94,0.939,0.392,0.777,0.261,That is mine; ask before touching it.,True
389,33,Nia,0.8688,0.8444,0.7504,0.764,0.94,0.96,0.717,0.844,0.413,That is mine; ask before touching it.,True
391,33,Ivo,0.8648,0.8318,0.7776,0.7666,0.886,0.934,0.699,0.824,0.389,That is mine; ask before touching it.,True
393,33,Ari,0.8688,0.8192,0.7792,0.7752,0.671,0.848,0.865,0.844,0.45,That is mine; ask before touching it.,True
395,33,Nia,0.8696,0.8444,0.7504,0.764,0.94,0.96,0.729,0.848,0.415,I need room to choose.,True
396,34,Milo,0.8696,0.8156,0.7584,0.7665,0.94,0.935,0.249,0.848,0.191,I need room to choose.,True
398,34,Juno,0.8912,0.8048,0.7408,0.764,0.94,0.96,0.453,0.956,0.328,I need room to choose.,True
400,34,Fay,0.8604,0.7976,0.7712,0.7686,0.94,0.914,0.427,0.802,0.263,I need room to choose.,True
403,34,Ivo,0.8656,0.8318,0.7776,0.764,0.94,0.96,0.634,0.828,0.354,I need room to choose.,True
405,34,Ari,0.8738,0.8192,0.7792,0.7777,0.677,0.823,0.9,0.869,0.452,I need room to choose.,True
406,34,Fay,0.8612,0.7976,0.7712,0.764,0.94,0.96,0.362,0.806,0.228,I need room to choose.,True
407,34,Nia,0.8704,0.8444,0.7504,0.7665,0.895,0.935,0.789,0.852,0.443,I need room to choose.,True
408,35,Milo,0.8704,0.8156,0.7584,0.7661,0.94,0.939,0.284,0.852,0.193,That is mine; ask before touching it.,True
410,35,Juno,0.892,0.8048,0.7408,0.764,0.94,0.96,0.488,0.96,0.33,That is mine; ask before touching it.,True
411,35,Ari,0.8746,0.8192,0.7792,0.7773,0.683,0.827,0.935,0.873,0.454,That is mine; ask before touching it.,True
412,35,Fay,0.862,0.7976,0.7712,0.764,0.94,0.96,0.297,0.81,0.23,That is mine; ask before touching it.,True
415,35,Ivo,0.8664,0.8318,0.7776,0.764,0.94,0.96,0.646,0.832,0.356,I need room to choose.,True
417,35,Ari,0.8754,0.8192,0.7792,0.7718,0.768,0.882,0.87,0.877,0.456,That is mine; ask before touching it.,True
419,35,Nia,0.8712,0.8444,0.7504,0.7661,0.85,0.939,0.849,0.856,0.445,I need room to choose.,True
420,36,Milo,0.8754,0.8156,0.7584,0.7686,0.94,0.914,0.319,0.877,0.195,I need room to choose.,True
422,36,Juno,0.892,0.8048,0.7408,0.7665,0.94,0.935,0.523,0.96,0.332,I need room to choose.,True
424,36,Fay,0.8628,0.7976,0.7712,0.764,0.94,0.96,0.232,0.814,0.195,I need room to choose.,True
427,36,Ivo,0.8672,0.8318,0.7776,0.7665,0.895,0.935,0.706,0.836,0.384,I need room to choose.,True
429,36,Ari,0.8762,0.8192,0.7792,0.7663,0.853,0.937,0.805,0.881,0.421,I need room to choose.,True
431,36,Nia,0.872,0.8444,0.7504,0.7686,0.805,0.914,0.909,0.86,0.447,I need room to choose.,True
432,37,Milo,0.8762,0.8156,0.7584,0.764,0.94,0.96,0.254,0.881,0.197,That is mine; ask before touching it.,True
434,37,Juno,0.892,0.8048,0.7408,0.764,0.94,0.96,0.458,0.96,0.334,That is mine; ask before touching it.,True
436,37,Fay,0.8636,0.7976,0.7712,0.764,0.94,0.96,0.267,0.818,0.197,That is mine; ask before touching it.,True
439,37,Ivo,0.868,0.8318,0.7776,0.7661,0.85,0.939,0.766,0.84,0.386,I need room to choose.,True
440,37,Juno,0.892,0.8048,0.7408,0.764,0.895,0.96,0.518,0.96,0.336,I need room to choose.,True
441,37,Ari,0.877,0.8192,0.7792,0.7659,0.859,0.941,0.817,0.885,0.423,I need room to choose.,True
443,37,Nia,0.877,0.8444,0.7504,0.7682,0.76,0.918,0.96,0.885,0.449,I need room to choose.,True
444,38,Milo,0.877,0.8156,0.7584,0.764,0.94,0.96,0.189,0.885,0.162,I need room to choose.,True
445,38,Ivo,0.873,0.8318,0.7776,0.7686,0.856,0.914,0.801,0.865,0.388,I need room to choose.,True
446,38,Juno,0.892,0.8048,0.7408,0.764,0.94,0.96,0.453,0.96,0.301,I need room to choose.,True
448,38,Fay,0.8686,0.7976,0.7712,0.7665,0.94,0.935,0.302,0.843,0.199,I need room to choose.,True
451,38,Ivo,0.8738,0.8318,0.7776,0.7711,0.811,0.889,0.861,0.869,0.39,I need room to choose.,True
453,38,Ari,0.8778,0.8192,0.7792,0.7684,0.814,0.916,0.877,0.889,0.451,I need room to choose.,True
455,38,Nia,0.8778,0.8444,0.7504,0.7678,0.766,0.922,0.96,0.889,0.451,I need room to choose.,True
456,39,Milo,0.8778,0.8156,0.7584,0.764,0.94,0.96,0.224,0.889,0.164,That is mine; ask before touching it.,True
458,39,Juno,0.892,0.8048,0.7408,0.764,0.94,0.96,0.465,0.96,0.303,I need room to choose.,True
460,39,Fay,0.8694,0.7976,0.7712,0.764,0.94,0.96,0.237,0.847,0.201,That is mine; ask before touching it.,True
462,39,Milo,0.8786,0.8156,0.7584,0.764,0.895,0.96,0.284,0.893,0.166,I need room to choose.,True
463,39,Ivo,0.8788,0.8318,0.7776,0.7707,0.766,0.893,0.921,0.894,0.392,I need room to choose.,True
465,39,Ari,0.8786,0.8192,0.7792,0.768,0.769,0.92,0.937,0.893,0.453,I need room to choose.,True
467,39,Nia,0.8786,0.8444,0.7504,0.7674,0.772,0.926,0.96,0.893,0.453,I need room to choose.,True
468,40,Ivo,0.8796,0.8318,0.7776,0.7652,0.851,0.948,0.856,0.898,0.394,That is mine; ask before touching it.,True
470,40,Ari,0.8794,0.8192,0.7792,0.7676,0.775,0.924,0.96,0.897,0.455,That is mine; ask before touching it.,True
472,40,Nia,0.8794,0.8444,0.7504,0.767,0.778,0.93,0.96,0.897,0.455,I need room to choose.,True
475,40,Juno,0.892,0.8048,0.7408,0.764,0.94,0.96,0.477,0.96,0.305,I need room to choose.,True
477,40,Fay,0.8744,0.7976,0.7712,0.764,0.895,0.96,0.297,0.872,0.203,I need room to choose.,True
478,40,Nia,0.8802,0.8444,0.7504,0.7666,0.784,0.934,0.96,0.901,0.457,I need room to choose.,True
479,40,Milo,0.8794,0.8156,0.7584,0.764,0.94,0.96,0.219,0.897,0.168,That is mine; ask before touching it.,True
480,41,Ivo,0.8804,0.8318,0.7776,0.764,0.936,0.96,0.791,0.902,0.359,I need room to choose.,True
482,41,Ari,0.8844,0.8192,0.7792,0.7701,0.781,0.899,0.96,0.922,0.457,I need room to choose.,True
483,41,Fay,0.8752,0.7976,0.7712,0.764,0.94,0.96,0.232,0.876,0.168,I need room to choose.,True
484,41,Nia,0.881,0.8444,0.7504,0.7691,0.739,0.909,0.96,0.905,0.485,I need room to choose.,True
487,41,Juno,0.892,0.8048,0.7408,0.764,0.94,0.96,0.512,0.96,0.307,That is mine; ask before touching it.,True
489,41,Fay,0.876,0.7976,0.7712,0.764,0.94,0.96,0.244,0.88,0.17,I need room to choose.,True
491,41,Milo,0.8802,0.8156,0.7584,0.764,0.94,0.96,0.154,0.901,0.133,I need room to choose.,True
492,42,Ivo,0.8812,0.8318,0.7776,0.764,0.94,0.96,0.803,0.906,0.361,I need room to choose.,True
494,42,Ari,0.8852,0.8192,0.7792,0.7646,0.866,0.954,0.895,0.926,0.459,That is mine; ask before touching it.,True
496,42,Nia,0.8818,0.8444,0.7504,0.7687,0.694,0.913,0.96,0.909,0.487,I need room to choose.,True
499,42,Juno,0.892,0.8048,0.7408,0.764,0.94,0.96,0.447,0.96,0.309,That is mine; ask before touching it.,True
500,42,Ari,0.8902,0.8192,0.7792,0.7642,0.821,0.958,0.955,0.951,0.461,I need room to choose.,True
501,42,Fay,0.8768,0.7976,0.7712,0.764,0.94,0.96,0.256,0.884,0.172,I need room to choose.,True
503,42,Milo,0.8766,0.8156,0.7584,0.764,0.94,0.96,0.089,0.883,0.098,I need room to choose.,True
504,43,Ivo,0.882,0.8318,0.7776,0.7665,0.895,0.935,0.863,0.91,0.389,I need room to choose.,True
506,43,Ari,0.891,0.8192,0.7792,0.764,0.906,0.96,0.89,0.955,0.426,I need room to choose.,True
508,43,Nia,0.8826,0.8444,0.7504,0.7712,0.649,0.888,0.96,0.913,0.489,I need room to choose.,True
511,43,Juno,0.892,0.8048,0.7408,0.764,0.94,0.96,0.382,0.96,0.274,I need room to choose.,True
513,43,Fay,0.8776,0.7976,0.7712,0.764,0.94,0.96,0.291,0.888,0.174,That is mine; ask before touching it.,True
515,43,Milo,0.8816,0.8156,0.7584,0.7665,0.94,0.935,0.124,0.908,0.1,I need room to choose.,True
516,44,Ivo,0.8828,0.8318,0.7776,0.7661,0.85,0.939,0.923,0.914,0.391,I need room to choose.,True
517,44,Juno,0.892,0.8048,0.7408,0.764,0.895,0.96,0.442,0.96,0.276,I need room to choose.,True
518,44,Ari,0.8918,0.8192,0.7792,0.764,0.912,0.96,0.902,0.959,0.428,I need room to choose.,True
520,44,Nia,0.8876,0.8444,0.7504,0.7708,0.604,0.892,0.96,0.938,0.491,I need room to choose.,True
523,44,Juno,0.8884,0.8048,0.7408,0.764,0.94,0.96,0.377,0.942,0.241,I need room to choose.,True
525,44,Fay,0.8784,0.7976,0.7712,0.764,0.94,0.96,0.226,0.892,0.176,That is mine; ask before touching it.,True
527,44,Milo,0.8824,0.8156,0.7584,0.7661,0.94,0.939,0.159,0.912,0.102,That is mine; ask before touching it.,True
528,45,Ivo,0.8836,0.8318,0.7776,0.7686,0.805,0.914,0.96,0.918,0.393,I need room to choose.,True
530,45,Ari,0.892,0.8192,0.7792,0.7665,0.867,0.935,0.96,0.96,0.456,I need room to choose.,True
532,45,Nia,0.8884,0.8444,0.7504,0.7704,0.61,0.896,0.96,0.942,0.493,I need room to choose.,True
534,45,Ivo,0.8844,0.8318,0.7776,0.764,0.89,0.96,0.895,0.922,0.358,I need room to choose.,True
535,45,Juno,0.892,0.8048,0.7408,0.7665,0.94,0.935,0.412,0.96,0.243,I need room to choose.,True
537,45,Fay,0.8792,0.7976,0.7712,0.764,0.94,0.96,0.161,0.896,0.141,I need room to choose.,True
539,45,Milo,0.8874,0.8156,0.7584,0.7686,0.94,0.914,0.194,0.937,0.104,I need room to choose.,True
540,46,Ivo,0.8894,0.8318,0.7776,0.764,0.845,0.96,0.955,0.947,0.36,I need room to choose.,True
542,46,Ari,0.892,0.8192,0.7792,0.7661,0.822,0.939,0.96,0.96,0.458,I need room to choose.,True
544,46,Nia,0.8892,0.8444,0.7504,0.77,0.616,0.9,0.96,0.946,0.495,I need room to choose.,True
545,46,Milo,0.8882,0.8156,0.7584,0.764,0.94,0.96,0.129,0.941,0.106,That is mine; ask before touching it.,True
547,46,Juno,0.892,0.8048,0.7408,0.7661,0.94,0.939,0.447,0.96,0.245,That is mine; ask before touching it.,True
549,46,Fay,0.8756,0.7976,0.7712,0.764,0.94,0.96,0.096,0.878,0.106,I need room to choose.,True
551,46,Milo,0.889,0.8156,0.7584,0.764,0.94,0.96,0.064,0.945,0.108,That is mine; ask before touching it.,True
552,47,Ivo,0.8902,0.8318,0.7776,0.764,0.851,0.96,0.96,0.951,0.362,I need room to choose.,True
554,47,Ari,0.892,0.8192,0.7792,0.7686,0.777,0.914,0.96,0.96,0.46,I need room to choose.,True
556,47,Nia,0.89,0.8444,0.7504,0.7696,0.622,0.904,0.96,0.95,0.497,That is mine; ask before touching it.,True
559,47,Juno,0.892,0.8048,0.7408,0.7686,0.94,0.914,0.482,0.96,0.247,I need room to choose.,True
561,47,Fay,0.8806,0.7976,0.7712,0.7665,0.94,0.935,0.131,0.903,0.108,I need room to choose.,True
562,47,Nia,0.892,0.8444,0.7504,0.7721,0.628,0.879,0.96,0.96,0.499,I need room to choose.,True
563,47,Milo,0.8898,0.8156,0.7584,0.764,0.94,0.96,0.04,0.949,0.073,I need room to choose.,True
564,48,Ivo,0.891,0.8318,0.7776,0.764,0.857,0.96,0.96,0.955,0.364,I need room to choose.,True
566,48,Ari,0.892,0.8192,0.7792,0.7682,0.732,0.918,0.96,0.96,0.462,I need room to choose.,True
567,48,Fay,0.8814,0.7976,0.7712,0.7661,0.94,0.939,0.143,0.907,0.11,I need room to choose.,True
568,48,Nia,0.892,0.8444,0.7504,0.7666,0.713,0.934,0.895,0.96,0.501,That is mine; ask before touching it.,True
571,48,Juno,0.892,0.8048,0.7408,0.764,0.94,0.96,0.417,0.96,0.249,That is mine; ask before touching it.,True
573,48,Fay,0.8822,0.7976,0.7712,0.7657,0.94,0.943,0.178,0.911,0.112,That is mine; ask before touching it.,True
575,48,Milo,0.8906,0.8156,0.7584,0.764,0.94,0.96,0.075,0.953,0.075,That is mine; ask before touching it.,True
576,49,Ivo,0.8918,0.8318,0.7776,0.764,0.863,0.96,0.96,0.959,0.366,That is mine; ask before touching it.,True
578,49,Ari,0.892,0.8192,0.7792,0.7678,0.738,0.922,0.96,0.96,0.464,I need room to choose.,True
580,49,Nia,0.892,0.8444,0.7504,0.764,0.798,0.96,0.83,0.96,0.466,I need room to choose.,True
583,49,Juno,0.892,0.8048,0.7408,0.764,0.94,0.96,0.352,0.96,0.214,I need room to choose.,True
584,49,Ari,0.892,0.8192,0.7792,0.7703,0.744,0.897,0.96,0.96,0.466,I need room to choose.,True
585,49,Fay,0.8872,0.7976,0.7712,0.7682,0.94,0.918,0.213,0.936,0.114,I need room to choose.,True
587,49,Milo,0.892,0.8156,0.7584,0.7665,0.94,0.935,0.11,0.96,0.077,I need room to choose.,True
588,50,Juno,0.892,0.8048,0.7408,0.764,0.94,0.96,0.287,0.96,0.179,I need room to choose.,True
590,50,Fay,0.888,0.7976,0.7712,0.7678,0.94,0.922,0.248,0.94,0.116,That is mine; ask before touching it.,True
592,50,Milo,0.892,0.8156,0.7584,0.769,0.94,0.91,0.145,0.96,0.079,I need room to choose.,True
595,50,Ari,0.892,0.8192,0.7792,0.7728,0.75,0.872,0.96,0.96,0.468,I need room to choose.,True
597,50,Nia,0.892,0.8444,0.7504,0.764,0.883,0.96,0.765,0.96,0.431,I need room to choose.,True
599,50,Ivo,0.892,0.8318,0.7776,0.764,0.94,0.96,0.895,0.96,0.331,I need room to choose.,True
600,51,Juno,0.8884,0.8048,0.7408,0.764,0.94,0.96,0.222,0.942,0.144,I need room to choose.,True
602,51,Fay,0.8888,0.7976,0.7712,0.764,0.94,0.96,0.183,0.944,0.118,That is mine; ask before touching it.,True
604,51,Milo,0.892,0.8156,0.7584,0.7686,0.94,0.914,0.18,0.96,0.081,That is mine; ask before touching it.,True
606,51,Juno,0.8892,0.8048,0.7408,0.764,0.94,0.96,0.257,0.946,0.146,That is mine; ask before touching it.,True
607,51,Ari,0.892,0.8192,0.7792,0.7724,0.756,0.876,0.96,0.96,0.47,That is mine; ask before touching it.,True
609,51,Nia,0.892,0.8444,0.7504,0.764,0.889,0.96,0.8,0.96,0.433,That is mine; ask before touching it.,True
611,51,Ivo,0.892,0.8318,0.7776,0.764,0.94,0.96,0.907,0.96,0.333,I need room to choose.,True
612,52,Juno,0.892,0.8048,0.7408,0.7665,0.94,0.935,0.292,0.96,0.148,I need room to choose.,True
614,52,Fay,0.8896,0.7976,0.7712,0.764,0.94,0.96,0.118,0.948,0.083,I need room to choose.,True
616,52,Milo,0.892,0.8156,0.7584,0.7711,0.94,0.889,0.215,0.96,0.083,I need room to choose.,True
617,52,Ivo,0.892,0.8318,0.7776,0.764,0.94,0.96,0.842,0.96,0.298,I need room to choose.,True
619,52,Ari,0.892,0.8192,0.7792,0.7749,0.762,0.851,0.96,0.96,0.472,I need room to choose.,True
621,52,Nia,0.892,0.8444,0.7504,0.7665,0.895,0.935,0.835,0.96,0.435,I need room to choose.,True
623,52,Ivo,0.892,0.8318,0.7776,0.7665,0.895,0.935,0.902,0.96,0.326,I need room to choose.,True
624,53,Juno,0.892,0.8048,0.7408,0.7661,0.94,0.939,0.327,0.96,0.15,That is mine; ask before touching it.,True
626,53,Fay,0.886,0.7976,0.7712,0.764,0.94,0.96,0.053,0.93,0.048,I need room to choose.,True
628,53,Milo,0.892,0.8156,0.7584,0.7656,0.94,0.944,0.15,0.96,0.085,That is mine; ask before touching it.,True
631,53,Ari,0.892,0.8192,0.7792,0.7694,0.847,0.906,0.895,0.96,0.474,That is mine; ask before touching it.,True
633,53,Nia,0.892,0.8444,0.7504,0.764,0.94,0.96,0.77,0.96,0.437,That is mine; ask before touching it.,True
634,53,Milo,0.892,0.8156,0.7584,0.7652,0.94,0.948,0.162,0.96,0.087,I need room to choose.,True
635,53,Ivo,0.892,0.8318,0.7776,0.7661,0.85,0.939,0.96,0.96,0.328,I need room to choose.,True
636,54,Juno,0.892,0.8048,0.7408,0.7686,0.94,0.914,0.362,0.96,0.152,I need room to choose.,True
638,54,Fay,0.891,0.7976,0.7712,0.7665,0.94,0.935,0.088,0.955,0.05,I need room to choose.,True
639,54,Nia,0.892,0.8444,0.7504,0.7665,0.94,0.935,0.805,0.96,0.439,I need room to choose.,True
640,54,Milo,0.892,0.8156,0.7584,0.764,0.94,0.96,0.097,0.96,0.052,I need room to choose.,True
643,54,Ari,0.892,0.8192,0.7792,0.764,0.932,0.96,0.83,0.96,0.439,I need room to choose.,True
645,54,Nia,0.892,0.8444,0.7504,0.764,0.94,0.96,0.74,0.96,0.404,I need room to choose.,True
647,54,Ivo,0.892,0.8318,0.7776,0.7686,0.805,0.914,0.96,0.96,0.33,I need room to choose.,True
648,55,Juno,0.892,0.8048,0.7408,0.764,0.94,0.96,0.297,0.96,0.154,That is mine; ask before touching it.,True
650,55,Fay,0.8918,0.7976,0.7712,0.7661,0.94,0.939,0.123,0.959,0.052,That is mine; ask before touching it.,True
652,55,Milo,0.892,0.8156,0.7584,0.764,0.94,0.96,0.132,0.96,0.054,That is mine; ask before touching it.,True
655,55,Ari,0.892,0.8192,0.7792,0.764,0.938,0.96,0.865,0.96,0.441,That is mine; ask before touching it.,True
656,55,Fay,0.892,0.7976,0.7712,0.764,0.94,0.96,0.058,0.96,0.054,That is mine; ask before touching it.,True
657,55,Nia,0.892,0.8444,0.7504,0.764,0.94,0.96,0.752,0.96,0.406,I need room to choose.,True
659,55,Ivo,0.892,0.8318,0.7776,0.7682,0.76,0.918,0.96,0.96,0.332,I need room to choose.,True
660,56,Juno,0.892,0.8048,0.7408,0.764,0.94,0.96,0.232,0.96,0.119,I need room to choose.,True
661,56,Ari,0.892,0.8192,0.7792,0.7665,0.94,0.935,0.9,0.96,0.443,I need room to choose.,True
662,56,Fay,0.892,0.7976,0.7712,0.7665,0.94,0.935,0.093,0.96,0.056,I need room to choose.,True
664,56,Milo,0.892,0.8156,0.7584,0.7665,0.94,0.935,0.167,0.96,0.056,I need room to choose.,True
667,56,Ari,0.892,0.8192,0.7792,0.769,0.94,0.91,0.935,0.96,0.445,I need room to choose.,True
669,56,Nia,0.892,0.8444,0.7504,0.7665,0.895,0.935,0.812,0.96,0.434,I need room to choose.,True
671,56,Ivo,0.892,0.8318,0.7776,0.7678,0.766,0.922,0.96,0.96,0.334,I need room to choose.,True
672,57,Juno,0.892,0.8048,0.7408,0.764,0.94,0.96,0.267,0.96,0.121,That is mine; ask before touching it.,True
674,57,Fay,0.892,0.7976,0.7712,0.764,0.94,0.96,0.04,0.96,0.058,That is mine; ask before touching it.,True
676,57,Milo,0.892,0.8156,0.7584,0.764,0.94,0.96,0.102,0.96,0.058,That is mine; ask before touching it.,True
679,57,Ari,0.892,0.8192,0.7792,0.764,0.94,0.96,0.87,0.96,0.447,That is mine; ask before touching it.,True
681,57,Nia,0.892,0.8444,0.7504,0.7661,0.85,0.939,0.872,0.96,0.436,I need room to choose.,True
683,57,Ivo,0.892,0.8318,0.7776,0.7674,0.772,0.926,0.96,0.96,0.336,I need room to choose.,True
684,58,Juno,0.892,0.8048,0.7408,0.7665,0.94,0.935,0.302,0.96,0.123,I need room to choose.,True
686,58,Fay,0.892,0.7976,0.7712,0.764,0.94,0.96,0.04,0.96,0.04,I need room to choose.,True
688,58,Milo,0.892,0.8156,0.7584,0.764,0.94,0.96,0.04,0.96,0.04,I need room to choose.,True
690,58,Juno,0.892,0.8048,0.7408,0.769,0.895,0.91,0.362,0.96,0.125,I need room to choose.,True
691,58,Ari,0.892,0.8192,0.7792,0.764,0.94,0.96,0.805,0.96,0.412,I need room to choose.,True
693,58,Nia,0.892,0.8444,0.7504,0.7686,0.805,0.914,0.932,0.96,0.438,I need room to choose.,True
695,58,Ivo,0.892,0.8318,0.7776,0.767,0.778,0.93,0.96,0.96,0.338,That is mine; ask before touching it.,True
696,59,Juno,0.892,0.8048,0.7408,0.764,0.94,0.96,0.297,0.96,0.127,That is mine; ask before touching it.,True
698,59,Fay,0.892,0.7976,0.7712,0.764,0.94,0.96,0.075,0.96,0.042,That is mine; ask before touching it.,True
700,59,Milo,0.892,0.8156,0.7584,0.764,0.94,0.96,0.052,0.96,0.042,I need room to choose.,True
701,59,Ivo,0.892,0.8318,0.7776,0.7666,0.733,0.934,0.96,0.96,0.34,I need room to choose.,True
703,59,Ari,0.892,0.8192,0.7792,0.764,0.94,0.96,0.817,0.96,0.414,I need room to choose.,True
705,59,Nia,0.892,0.8444,0.7504,0.7682,0.76,0.918,0.96,0.96,0.44,I need room to choose.,True
707,59,Ivo,0.892,0.8318,0.7776,0.764,0.818,0.96,0.895,0.96,0.342,That is mine; ask before touching it.,True
708,60,Ari,0.892,0.8192,0.7792,0.764,0.94,0.96,0.752,0.96,0.416,That is mine; ask before touching it.,True
710,60,Nia,0.892,0.8444,0.7504,0.764,0.845,0.96,0.895,0.96,0.442,That is mine; ask before touching it.,True
711,60,Milo,0.892,0.8156,0.7584,0.764,0.94,0.96,0.064,0.96,0.044,I need room to choose.,True
712,60,Ivo,0.892,0.8318,0.7776,0.764,0.773,0.96,0.955,0.96,0.344,I need room to choose.,True
715,60,Fay,0.892,0.7976,0.7712,0.764,0.895,0.96,0.135,0.96,0.044,I need room to choose.,True
717,60,Milo,0.892,0.8156,0.7584,0.764,0.94,0.96,0.076,0.96,0.046,I need room to choose.,True
719,60,Juno,0.8884,0.8048,0.7408,0.764,0.94,0.96,0.232,0.942,0.092,I need room to choose.,True
720,61,Ari,0.892,0.8192,0.7792,0.764,0.94,0.96,0.687,0.96,0.381,I need room to choose.,True
722,61,Nia,0.892,0.8444,0.7504,0.764,0.93,0.96,0.83,0.96,0.407,I need room to choose.,True
724,61,Ivo,0.892,0.8318,0.7776,0.7665,0.728,0.935,0.96,0.96,0.346,I need room to choose.,True
727,61,Fay,0.892,0.7976,0.7712,0.7665,0.85,0.935,0.195,0.96,0.046,I need room to choose.,True
728,61,Nia,0.892,0.8444,0.7504,0.764,0.936,0.96,0.842,0.96,0.409,I need room to choose.,True
729,61,Milo,0.892,0.8156,0.7584,0.764,0.94,0.96,0.111,0.96,0.048,That is mine; ask before touching it.,True
731,61,Juno,0.892,0.8048,0.7408,0.7665,0.94,0.935,0.267,0.96,0.094,I need room to choose.,True
732,62,Ari,0.892,0.8192,0.7792,0.764,0.94,0.96,0.722,0.96,0.383,That is mine; ask before touching it.,True
733,62,Fay,0.892,0.7976,0.7712,0.764,0.935,0.96,0.13,0.96,0.048,That is mine; ask before touching it.,True
734,62,Nia,0.892,0.8444,0.7504,0.764,0.94,0.96,0.854,0.96,0.411,I need room to choose.,True
736,62,Ivo,0.892,0.8318,0.7776,0.7661,0.683,0.939,0.96,0.96,0.348,I need room to choose.,True
739,62,Fay,0.892,0.7976,0.7712,0.764,0.89,0.96,0.19,0.96,0.05,I need room to choose.,True
741,62,Milo,0.892,0.8156,0.7584,0.764,0.94,0.96,0.046,0.96,0.05,That is mine; ask before touching it.,True
743,62,Juno,0.892,0.8048,0.7408,0.7661,0.94,0.939,0.302,0.96,0.096,That is mine; ask before touching it.,True
744,63,Ari,0.892,0.8192,0.7792,0.7665,0.94,0.935,0.757,0.96,0.385,I need room to choose.,True
746,63,Nia,0.892,0.8444,0.7504,0.7665,0.895,0.935,0.914,0.96,0.439,I need room to choose.,True
748,63,Ivo,0.892,0.8318,0.7776,0.7657,0.689,0.943,0.96,0.96,0.35,I need room to choose.,True
750,63,Ari,0.892,0.8192,0.7792,0.769,0.895,0.91,0.817,0.96,0.387,I need room to choose.,True
751,63,Fay,0.892,0.7976,0.7712,0.764,0.896,0.96,0.202,0.96,0.052,I need room to choose.,True
753,63,Milo,0.892,0.8156,0.7584,0.764,0.94,0.96,0.04,0.96,0.04,I need room to choose.,True
755,63,Juno,0.892,0.8048,0.7408,0.7686,0.94,0.914,0.337,0.96,0.098,I need room to choose.,True
756,64,Ari,0.892,0.8192,0.7792,0.764,0.94,0.96,0.752,0.96,0.389,That is mine; ask before touching it.,True
758,64,Nia,0.892,0.8444,0.7504,0.7661,0.85,0.939,0.96,0.96,0.441,I need room to choose.,True
760,64,Ivo,0.892,0.8318,0.7776,0.7653,0.695,0.947,0.96,0.96,0.352,I need room to choose.,True
763,64,Fay,0.892,0.7976,0.7712,0.764,0.902,0.96,0.214,0.96,0.054,I need room to choose.,True
765,64,Milo,0.8884,0.8156,0.7584,0.764,0.94,0.96,0.04,0.942,0.04,I need room to choose.,True
767,64,Juno,0.892,0.8048,0.7408,0.764,0.94,0.96,0.272,0.96,0.1,That is mine; ask before touching it.,True
768,65,Ari,0.892,0.8192,0.7792,0.764,0.94,0.96,0.687,0.96,0.354,I need room to choose.,True
770,65,Nia,0.892,0.8444,0.7504,0.7686,0.805,0.914,0.96,0.96,0.443,I need room to choose.,True
772,65,Ivo,0.892,0.8318,0.7776,0.7649,0.701,0.951,0.96,0.96,0.354,That is mine; ask before touching it.,True
773,65,Juno,0.892,0.8048,0.7408,0.764,0.94,0.96,0.207,0.96,0.065,I need room to choose.,True
775,65,Fay,0.892,0.7976,0.7712,0.764,0.908,0.96,0.249,0.96,0.056,That is mine; ask before touching it.,True
777,65,Milo,0.892,0.8156,0.7584,0.7665,0.94,0.935,0.075,0.96,0.042,I need room to choose.,True
779,65,Juno,0.892,0.8048,0.7408,0.764,0.94,0.96,0.142,0.96,0.04,I need room to choose.,True
780,66,Ari,0.892,0.8192,0.7792,0.764,0.94,0.96,0.699,0.96,0.356,I need room to choose.,True
782,66,Nia,0.892,0.8444,0.7504,0.7682,0.76,0.918,0.96,0.96,0.445,I need room to choose.,True
784,66,Ivo,0.892,0.8318,0.7776,0.764,0.786,0.96,0.895,0.96,0.356,That is mine; ask before touching it.,True
787,66,Fay,0.892,0.7976,0.7712,0.764,0.94,0.96,0.184,0.96,0.058,That is mine; ask before touching it.,True
789,66,Milo,0.892,0.8156,0.7584,0.7661,0.94,0.939,0.11,0.96,0.044,That is mine; ask before touching it.,True
790,66,Ivo,0.892,0.8318,0.7776,0.764,0.871,0.96,0.83,0.96,0.358,That is mine; ask before touching it.,True
791,66,Juno,0.892,0.8048,0.7408,0.764,0.94,0.96,0.177,0.96,0.042,That is mine; ask before touching it.,True
792,67,Ari,0.892,0.8192,0.7792,0.7665,0.895,0.935,0.759,0.96,0.384,I need room to choose.,True
794,67,Nia,0.892,0.8444,0.7504,0.7678,0.766,0.922,0.96,0.96,0.447,I need room to choose.,True
795,67,Milo,0.892,0.8156,0.7584,0.7657,0.94,0.943,0.145,0.96,0.046,That is mine; ask before touching it.,True
796,67,Ivo,0.892,0.8318,0.7776,0.764,0.94,0.96,0.765,0.96,0.323,I need room to choose.,True
799,67,Fay,0.892,0.7976,0.7712,0.764,0.94,0.96,0.119,0.96,0.04,I need room to choose.,True
801,67,Milo,0.892,0.8156,0.7584,0.7682,0.94,0.918,0.18,0.96,0.048,I need room to choose.,True
803,67,Juno,0.892,0.8048,0.7408,0.7665,0.94,0.935,0.212,0.96,0.044,I need room to choose.,True
804,68,Ari,0.892,0.8192,0.7792,0.7661,0.85,0.939,0.819,0.96,0.386,I need room to choose.,True
806,68,Nia,0.892,0.8444,0.7504,0.7674,0.772,0.926,0.96,0.96,0.449,I need room to choose.,True
808,68,Ivo,0.8884,0.8318,0.7776,0.764,0.94,0.96,0.7,0.942,0.288,I need room to choose.,True
811,68,Fay,0.8884,0.7976,0.7712,0.764,0.94,0.96,0.054,0.942,0.04,I need room to choose.,True
812,68,Nia,0.892,0.8444,0.7504,0.767,0.778,0.93,0.96,0.96,0.451,That is mine; ask before touching it.,True
813,68,Milo,0.892,0.8156,0.7584,0.764,0.94,0.96,0.115,0.96,0.05,That is mine; ask before touching it.,True
815,68,Juno,0.892,0.8048,0.7408,0.764,0.94,0.96,0.147,0.96,0.046,That is mine; ask before touching it.,True
816,69,Ari,0.892,0.8192,0.7792,0.7686,0.805,0.914,0.879,0.96,0.388,I need room to choose.,True
817,69,Fay,0.8892,0.7976,0.7712,0.764,0.94,0.96,0.066,0.946,0.042,I need room to choose.,True
818,69,Nia,0.892,0.8444,0.7504,0.7666,0.784,0.934,0.96,0.96,0.453,That is mine; ask before touching it.,True
820,69,Ivo,0.892,0.8318,0.7776,0.7665,0.94,0.935,0.735,0.96,0.29,I need room to choose.,True
823,69,Fay,0.892,0.7976,0.7712,0.7665,0.94,0.935,0.101,0.96,0.044,I need room to choose.,True
825,69,Milo,0.892,0.8156,0.7584,0.764,0.94,0.96,0.05,0.96,0.04,I need room to choose.,True
827,69,Juno,0.892,0.8048,0.7408,0.764,0.94,0.96,0.082,0.96,0.04,I need room to choose.,True
828,70,Fay,0.892,0.7976,0.7712,0.7661,0.94,0.939,0.113,0.96,0.046,I need room to choose.,True
830,70,Milo,0.892,0.8156,0.7584,0.764,0.94,0.96,0.04,0.96,0.04,I need room to choose.,True
832,70,Juno,0.892,0.8048,0.7408,0.7665,0.94,0.935,0.117,0.96,0.042,I need room to choose.,True
833,70,Ari,0.892,0.8192,0.7792,0.764,0.89,0.96,0.814,0.96,0.353,I need room to choose.,True
835,70,Nia,0.892,0.8444,0.7504,0.7691,0.79,0.909,0.96,0.96,0.455,I need room to choose.,True
837,70,Ivo,0.892,0.8318,0.7776,0.769,0.94,0.91,0.77,0.96,0.292,I need room to choose.,True
839,70,Ari,0.892,0.8192,0.7792,0.764,0.94,0.96,0.749,0.96,0.318,I need room to choose.,True
840,71,Fay,0.892,0.7976,0.7712,0.7657,0.94,0.943,0.125,0.96,0.048,I need room to choose.,True
842,71,Milo,0.8884,0.8156,0.7584,0.764,0.94,0.96,0.04,0.942,0.04,I need room to choose.,True
844,71,Juno,0.892,0.8048,0.7408,0.764,0.94,0.96,0.052,0.96,0.044,That is mine; ask before touching it.,True
847,71,Nia,0.892,0.8444,0.7504,0.764,0.875,0.96,0.895,0.96,0.457,That is mine; ask before touching it.,True
849,71,Ivo,0.892,0.8318,0.7776,0.764,0.94,0.96,0.705,0.96,0.294,That is mine; ask before touching it.,True
851,71,Ari,0.892,0.8192,0.7792,0.764,0.94,0.96,0.784,0.96,0.32,That is mine; ask before touching it.,True
852,72,Fay,0.892,0.7976,0.7712,0.7653,0.94,0.947,0.16,0.96,0.05,That is mine; ask before touching it.,True
854,72,Milo,0.892,0.8156,0.7584,0.7665,0.94,0.935,0.075,0.96,0.042,I need room to choose.,True
856,72,Juno,0.892,0.8048,0.7408,0.764,0.94,0.96,0.04,0.96,0.04,I need room to choose.,True
859,72,Nia,0.892,0.8444,0.7504,0.764,0.94,0.96,0.83,0.96,0.422,I need room to choose.,True
861,72,Ivo,0.892,0.8318,0.7776,0.764,0.94,0.96,0.64,0.96,0.259,I need room to choose.,True
862,72,Juno,0.892,0.8048,0.7408,0.7665,0.895,0.935,0.1,0.96,0.068,I need room to choose.,True
863,72,Ari,0.892,0.8192,0.7792,0.7665,0.94,0.935,0.819,0.96,0.322,I need room to choose.,True
864,73,Fay,0.892,0.7976,0.7712,0.764,0.94,0.96,0.095,0.96,0.052,That is mine; ask before touching it.,True
866,73,Milo,0.892,0.8156,0.7584,0.7661,0.94,0.939,0.11,0.96,0.044,That is mine; ask before touching it.,True
867,73,Ivo,0.892,0.8318,0.7776,0.764,0.94,0.96,0.575,0.96,0.261,That is mine; ask before touching it.,True
868,73,Juno,0.892,0.8048,0.7408,0.7661,0.901,0.939,0.135,0.96,0.07,That is mine; ask before touching it.,True
871,73,Nia,0.892,0.8444,0.7504,0.764,0.94,0.96,0.865,0.96,0.424,That is mine; ask before touching it.,True
873,73,Ivo,0.892,0.8318,0.7776,0.764,0.94,0.96,0.587,0.96,0.263,I need room to choose.,True
875,73,Ari,0.892,0.8192,0.7792,0.764,0.94,0.96,0.754,0.96,0.324,That is mine; ask before touching it.,True
876,74,Fay,0.892,0.7976,0.7712,0.764,0.94,0.96,0.04,0.96,0.04,I need room to choose.,True
878,74,Milo,0.892,0.8156,0.7584,0.7686,0.94,0.914,0.145,0.96,0.046,I need room to choose.,True
880,74,Juno,0.892,0.8048,0.7408,0.7686,0.907,0.914,0.17,0.96,0.072,I need room to choose.,True
883,74,Nia,0.892,0.8444,0.7504,0.7665,0.94,0.935,0.9,0.96,0.426,I need room to choose.,True
884,74,Milo,0.892,0.8156,0.7584,0.764,0.94,0.96,0.08,0.96,0.04,I need room to choose.,True
885,74,Ivo,0.892,0.8318,0.7776,0.7665,0.895,0.935,0.647,0.96,0.291,I need room to choose.,True
887,74,Ari,0.892,0.8192,0.7792,0.764,0.94,0.96,0.689,0.96,0.289,I need room to choose.,True
888,75,Fay,0.8884,0.7976,0.7712,0.764,0.94,0.96,0.04,0.942,0.04,I need room to choose.,True
889,75,Nia,0.892,0.8444,0.7504,0.7661,0.94,0.939,0.935,0.96,0.428,That is mine; ask before touching it.,True
890,75,Milo,0.892,0.8156,0.7584,0.764,0.94,0.96,0.04,0.96,0.042,That is mine; ask before touching it.,True
892,75,Juno,0.892,0.8048,0.7408,0.764,0.94,0.96,0.105,0.96,0.074,That is mine; ask before touching it.,True
895,75,Nia,0.892,0.8444,0.7504,0.764,0.94,0.96,0.87,0.96,0.43,That is mine; ask before touching it.,True
897,75,Ivo,0.892,0.8318,0.7776,0.7661,0.85,0.939,0.707,0.96,0.293,I need room to choose.,True
899,75,Ari,0.892,0.8192,0.7792,0.764,0.94,0.96,0.701,0.96,0.291,I need room to choose.,True
900,76,Fay,0.892,0.7976,0.7712,0.7665,0.94,0.935,0.075,0.96,0.042,I need room to choose.,True
902,76,Milo,0.892,0.8156,0.7584,0.764,0.94,0.96,0.04,0.96,0.04,I need room to choose.,True
904,76,Juno,0.892,0.8048,0.7408,0.764,0.94,0.96,0.04,0.96,0.04,I need room to choose.,True
906,76,Fay,0.892,0.7976,0.7712,0.769,0.94,0.91,0.11,0.96,0.044,I need room to choose.,True
907,76,Nia,0.892,0.8444,0.7504,0.764,0.94,0.96,0.805,0.96,0.395,I need room to choose.,True
909,76,Ivo,0.892,0.8318,0.7776,0.7686,0.805,0.914,0.767,0.96,0.295,I need room to choose.,True
911,76,Ari,0.892,0.8192,0.7792,0.7665,0.895,0.935,0.761,0.96,0.319,I need room to choose.,True
912,77,Fay,0.892,0.7976,0.7712,0.7686,0.94,0.914,0.145,0.96,0.046,That is mine; ask before touching it.,True
914,77,Milo,0.892,0.8156,0.7584,0.764,0.94,0.96,0.075,0.96,0.042,That is mine; ask before touching it.,True
916,77,Juno,0.892,0.8048,0.7408,0.764,0.94,0.96,0.052,0.96,0.042,I need room to choose.,True
917,77,Ari,0.892,0.8192,0.7792,0.7661,0.901,0.939,0.796,0.96,0.321,That is mine; ask before touching it.,True
919,77,Nia,0.892,0.8444,0.7504,0.764,0.94,0.96,0.817,0.96,0.397,I need room to choose.,True
921,77,Ivo,0.892,0.8318,0.7776,0.7682,0.76,0.918,0.827,0.96,0.297,I need room to choose.,True
923,77,Ari,0.892,0.8192,0.7792,0.7657,0.856,0.943,0.856,0.96,0.323,I need room to choose.,True
924,78,Fay,0.892,0.7976,0.7712,0.7711,0.94,0.889,0.18,0.96,0.048,I need room to choose.,True
926,78,Milo,0.892,0.8156,0.7584,0.7665,0.94,0.935,0.11,0.96,0.044,I need room to choose.,True
928,78,Juno,0.892,0.8048,0.7408,0.7665,0.895,0.935,0.112,0.96,0.07,I need room to choose.,True
931,78,Nia,0.892,0.8444,0.7504,0.7665,0.895,0.935,0.877,0.96,0.425,I need room to choose.,True
933,78,Ivo,0.892,0.8318,0.7776,0.7678,0.766,0.922,0.839,0.96,0.299,I need room to choose.,True
935,78,Ari,0.892,0.8192,0.7792,0.7682,0.811,0.918,0.916,0.96,0.325,I need room to choose.,True
936,79,Fay,0.892,0.7976,0.7712,0.7656,0.94,0.944,0.115,0.96,0.05,That is mine; ask before touching it.,True
938,79,Milo,0.892,0.8156,0.7584,0.764,0.94,0.96,0.045,0.96,0.046,That is mine; ask before touching it.,True
940,79,Juno,0.892,0.8048,0.7408,0.7661,0.85,0.939,0.172,0.96,0.072,I need room to choose.,True
943,79,Nia,0.892,0.8444,0.7504,0.7661,0.85,0.939,0.937,0.96,0.427,I need room to choose.,True
945,79,Ivo,0.892,0.8318,0.7776,0.7674,0.772,0.926,0.851,0.96,0.301,I need room to choose.,True
946,79,Juno,0.892,0.8048,0.7408,0.764,0.935,0.96,0.107,0.96,0.074,That is mine; ask before touching it.,True
947,79,Ari,0.892,0.8192,0.7792,0.7678,0.766,0.922,0.96,0.96,0.327,I need room to choose.,True
948,80,Nia,0.892,0.8444,0.7504,0.7657,0.856,0.943,0.96,0.96,0.429,That is mine; ask before touching it.,True
950,80,Ivo,0.892,0.8318,0.7776,0.767,0.778,0.93,0.863,0.96,0.303,I need room to choose.,True
952,80,Ari,0.892,0.8192,0.7792,0.764,0.851,0.96,0.895,0.96,0.329,That is mine; ask before touching it.,True
955,80,Milo,0.892,0.8156,0.7584,0.764,0.895,0.96,0.105,0.96,0.048,I need room to choose.,True
956,80,Ivo,0.892,0.8318,0.7776,0.7666,0.784,0.934,0.875,0.96,0.305,I need room to choose.,True
957,80,Juno,0.892,0.8048,0.7408,0.764,0.94,0.96,0.042,0.96,0.076,That is mine; ask before touching it.,True
959,80,Fay,0.892,0.7976,0.7712,0.7652,0.94,0.948,0.127,0.96,0.052,I need room to choose.,True
960,81,Nia,0.892,0.8444,0.7504,0.7682,0.862,0.918,0.96,0.96,0.431,I need room to choose.,True
961,81,Milo,0.892,0.8156,0.7584,0.764,0.94,0.96,0.04,0.96,0.04,I need room to choose.,True
962,81,Ivo,0.892,0.8318,0.7776,0.7691,0.739,0.909,0.935,0.96,0.333,I need room to choose.,True
964,81,Ari,0.892,0.8192,0.7792,0.764,0.936,0.96,0.83,0.96,0.294,I need room to choose.,True
967,81,Milo,0.892,0.8156,0.7584,0.764,0.94,0.96,0.052,0.96,0.042,I need room to choose.,True
969,81,Juno,0.892,0.8048,0.7408,0.764,0.94,0.96,0.04,0.96,0.041,I need room to choose.,True
971,81,Fay,0.892,0.7976,0.7712,0.7648,0.94,0.952,0.162,0.96,0.054,That is mine; ask before touching it.,True
972,82,Nia,0.892,0.8444,0.7504,0.764,0.94,0.96,0.895,0.96,0.433,That is mine; ask before touching it.,True
974,82,Ivo,0.892,0.8318,0.7776,0.7687,0.694,0.913,0.96,0.96,0.335,I need room to choose.,True
976,82,Ari,0.892,0.8192,0.7792,0.764,0.94,0.96,0.842,0.96,0.296,I need room to choose.,True
978,82,Nia,0.892,0.8444,0.7504,0.764,0.895,0.96,0.955,0.96,0.435,I need room to choose.,True
979,82,Milo,0.892,0.8156,0.7584,0.764,0.94,0.96,0.064,0.96,0.044,I need room to choose.,True
981,82,Juno,0.8884,0.8048,0.7408,0.764,0.94,0.96,0.04,0.942,0.04,I need room to choose.,True
983,82,Fay,0.892,0.7976,0.7712,0.764,0.94,0.96,0.097,0.96,0.056,That is mine; ask before touching it.,True
984,83,Nia,0.892,0.8444,0.7504,0.764,0.94,0.96,0.89,0.96,0.4,I need room to choose.,True
986,83,Ivo,0.892,0.8318,0.7776,0.7712,0.649,0.888,0.96,0.96,0.337,I need room to choose.,True
988,83,Ari,0.892,0.8192,0.7792,0.7665,0.895,0.935,0.902,0.96,0.324,I need room to choose.,True
989,83,Fay,0.892,0.7976,0.7712,0.7665,0.895,0.935,0.157,0.96,0.058,I need room to choose.,True
991,83,Milo,0.892,0.8156,0.7584,0.764,0.94,0.96,0.099,0.96,0.046,That is mine; ask before touching it.,True
993,83,Juno,0.892,0.8048,0.7408,0.7665,0.94,0.935,0.075,0.96,0.042,I need room to choose.,True
995,83,Fay,0.892,0.7976,0.7712,0.764,0.94,0.96,0.092,0.96,0.04,I need room to choose.,True
996,84,Nia,0.892,0.8444,0.7504,0.764,0.94,0.96,0.902,0.96,0.402,I need room to choose.,True
998,84,Ivo,0.892,0.8318,0.7776,0.7708,0.604,0.892,0.96,0.96,0.339,I need room to choose.,True
1000,84,Ari,0.892,0.8192,0.7792,0.7661,0.85,0.939,0.96,0.96,0.326,I need room to choose.,True
1003,84,Milo,0.892,0.8156,0.7584,0.764,0.94,0.96,0.04,0.96,0.048,That is mine; ask before touching it.,True
1005,84,Juno,0.892,0.8048,0.7408,0.7661,0.94,0.939,0.11,0.96,0.044,That is mine; ask before touching it.,True
1006,84,Ari,0.892,0.8192,0.7792,0.764,0.935,0.96,0.895,0.96,0.328,That is mine; ask before touching it.,True
1007,84,Fay,0.8884,0.7976,0.7712,0.764,0.94,0.96,0.04,0.942,0.04,I need room to choose.,True
1008,85,Nia,0.892,0.8444,0.7504,0.7665,0.895,0.935,0.96,0.96,0.43,I need room to choose.,True
1010,85,Ivo,0.892,0.8318,0.7776,0.7704,0.61,0.896,0.96,0.96,0.341,I need room to choose.,True
1012,85,Ari,0.892,0.8192,0.7792,0.7665,0.89,0.935,0.955,0.96,0.33,I need room to choose.,True
1015,85,Milo,0.892,0.8156,0.7584,0.764,0.94,0.96,0.04,0.96,0.04,I need room to choose.,True
1017,85,Juno,0.892,0.8048,0.7408,0.7686,0.94,0.914,0.145,0.96,0.046,I need room to choose.,True
1019,85,Fay,0.892,0.7976,0.7712,0.7665,0.94,0.935,0.075,0.96,0.042,I need room to choose.,True
1020,86,Nia,0.892,0.8444,0.7504,0.7661,0.85,0.939,0.96,0.96,0.432,I need room to choose.,True
1022,86,Ivo,0.892,0.8318,0.7776,0.77,0.616,0.9,0.96,0.96,0.343,I need room to choose.,True
1023,86,Juno,0.892,0.8048,0.7408,0.764,0.94,0.96,0.08,0.96,0.048,That is mine; ask before touching it.,True
1024,86,Ari,0.892,0.8192,0.7792,0.7661,0.845,0.939,0.96,0.96,0.332,I need room to choose.,True
1027,86,Milo,0.8884,0.8156,0.7584,0.764,0.94,0.96,0.04,0.942,0.04,I need room to choose.,True
1029,86,Juno,0.892,0.8048,0.7408,0.764,0.94,0.96,0.04,0.96,0.05,That is mine; ask before touching it.,True
1031,86,Fay,0.892,0.7976,0.7712,0.7661,0.94,0.939,0.11,0.96,0.044,That is mine; ask before touching it.,True
1032,87,Nia,0.892,0.8444,0.7504,0.7686,0.805,0.914,0.96,0.96,0.434,I need room to choose.,True
1034,87,Ivo,0.892,0.8318,0.7776,0.7696,0.622,0.904,0.96,0.96,0.345,That is mine; ask before touching it.,True
1036,87,Ari,0.892,0.8192,0.7792,0.7657,0.851,0.943,0.96,0.96,0.334,I need room to choose.,True
1039,87,Milo,0.892,0.8156,0.7584,0.7665,0.94,0.935,0.075,0.96,0.042,I need room to choose.,True
1040,87,Ivo,0.892,0.8318,0.7776,0.7721,0.628,0.879,0.96,0.96,0.347,I need room to choose.,True
1041,87,Juno,0.892,0.8048,0.7408,0.764,0.94,0.96,0.04,0.96,0.04,I need room to choose.,True
1043,87,Fay,0.892,0.7976,0.7712,0.7686,0.94,0.914,0.145,0.96,0.046,I need room to choose.,True
1044,88,Nia,0.892,0.8444,0.7504,0.7682,0.76,0.918,0.96,0.96,0.436,I need room to choose.,True
1045,88,Milo,0.892,0.8156,0.7584,0.7661,0.94,0.939,0.087,0.96,0.044,I need room to choose.,True
1046,88,Ivo,0.892,0.8318,0.7776,0.7666,0.713,0.934,0.895,0.96,0.349,That is mine; ask before touching it.,True
1048,88,Ari,0.892,0.8192,0.7792,0.7653,0.857,0.947,0.96,0.96,0.336,I need room to choose.,True
1051,88,Milo,0.892,0.8156,0.7584,0.7657,0.94,0.943,0.122,0.96,0.046,That is mine; ask before touching it.,True
1053,88,Juno,0.892,0.8048,0.7408,0.764,0.94,0.96,0.075,0.96,0.042,That is mine; ask before touching it.,True
1055,88,Fay,0.892,0.7976,0.7712,0.764,0.94,0.96,0.08,0.96,0.048,That is mine; ask before touching it.,True
1056,89,Nia,0.892,0.8444,0.7504,0.7678,0.766,0.922,0.96,0.96,0.438,I need room to choose.,True
1058,89,Ivo,0.892,0.8318,0.7776,0.764,0.798,0.96,0.83,0.96,0.314,I need room to choose.,True
1060,89,Ari,0.892,0.8192,0.7792,0.7649,0.863,0.951,0.96,0.96,0.338,That is mine; ask before touching it.,True
1062,89,Nia,0.892,0.8444,0.7504,0.7703,0.772,0.897,0.96,0.96,0.44,I need room to choose.,True
1063,89,Milo,0.892,0.8156,0.7584,0.7682,0.94,0.918,0.157,0.96,0.048,I need room to choose.,True
1065,89,Juno,0.892,0.8048,0.7408,0.7665,0.94,0.935,0.11,0.96,0.044,I need room to choose.,True
1067,89,Fay,0.892,0.7976,0.7712,0.764,0.94,0.96,0.04,0.96,0.04,I need room to choose.,True
1068,90,Milo,0.892,0.8156,0.7584,0.7678,0.94,0.922,0.192,0.96,0.05,That is mine; ask before touching it.,True
1070,90,Juno,0.892,0.8048,0.7408,0.769,0.94,0.91,0.145,0.96,0.046,I need room to choose.,True
1072,90,Fay,0.892,0.7976,0.7712,0.764,0.94,0.96,0.04,0.96,0.04,I need room to choose.,True
1075,90,Ivo,0.892,0.8318,0.7776,0.764,0.883,0.96,0.765,0.96,0.279,I need room to choose.,True
1077,90,Ari,0.892,0.8192,0.7792,0.7674,0.869,0.926,0.96,0.96,0.34,I need room to choose.,True
1078,90,Fay,0.892,0.7976,0.7712,0.764,0.94,0.96,0.04,0.96,0.04,I need room to choose.,True
1079,90,Nia,0.892,0.8444,0.7504,0.7728,0.778,0.872,0.96,0.96,0.442,I need room to choose.,True
1080,91,Milo,0.892,0.8156,0.7584,0.764,0.94,0.96,0.127,0.96,0.052,That is mine; ask before touching it.,True
1082,91,Juno,0.892,0.8048,0.7408,0.7686,0.94,0.914,0.18,0.96,0.048,That is mine; ask before touching it.,True
1083,91,Ari,0.892,0.8192,0.7792,0.764,0.94,0.96,0.895,0.96,0.342,That is mine; ask before touching it.,True
1084,91,Fay,0.8884,0.7976,0.7712,0.764,0.94,0.96,0.04,0.942,0.04,I need room to choose.,True
1087,91,Ivo,0.892,0.8318,0.7776,0.764,0.889,0.96,0.8,0.96,0.281,That is mine; ask before touching it.,True
1089,91,Ari,0.892,0.8192,0.7792,0.764,0.94,0.96,0.83,0.96,0.344,That is mine; ask before touching it.,True
1091,91,Nia,0.892,0.8444,0.7504,0.7673,0.863,0.927,0.895,0.96,0.444,That is mine; ask before touching it.,True
1092,92,Milo,0.892,0.8156,0.7584,0.764,0.94,0.96,0.062,0.96,0.04,I need room to choose.,True
1094,92,Juno,0.892,0.8048,0.7408,0.7711,0.94,0.889,0.215,0.96,0.05,I need room to choose.,True
1096,92,Fay,0.892,0.7976,0.7712,0.7665,0.94,0.935,0.075,0.96,0.042,I need room to choose.,True
1099,92,Ivo,0.892,0.8318,0.7776,0.7665,0.895,0.935,0.835,0.96,0.283,I need room to choose.,True
1101,92,Ari,0.892,0.8192,0.7792,0.764,0.94,0.96,0.765,0.96,0.309,I need room to choose.,True
1103,92,Nia,0.892,0.8444,0.7504,0.764,0.94,0.96,0.83,0.96,0.409,I need room to choose.,True
1104,93,Milo,0.8884,0.8156,0.7584,0.764,0.94,0.96,0.04,0.942,0.04,I need room to choose.,True
1106,93,Juno,0.892,0.8048,0.7408,0.7656,0.94,0.944,0.15,0.96,0.052,That is mine; ask before touching it.,True
1108,93,Fay,0.892,0.7976,0.7712,0.7661,0.94,0.939,0.11,0.96,0.044,That is mine; ask before touching it.,True
1111,93,Ivo,0.892,0.8318,0.7776,0.764,0.94,0.96,0.77,0.96,0.285,That is mine; ask before touching it.,True
1112,93,Juno,0.892,0.8048,0.7408,0.7652,0.94,0.948,0.162,0.96,0.054,I need room to choose.,True
1113,93,Ari,0.892,0.8192,0.7792,0.764,0.94,0.96,0.8,0.96,0.311,That is mine; ask before touching it.,True
1115,93,Nia,0.892,0.8444,0.7504,0.764,0.94,0.96,0.842,0.96,0.411,I need room to choose.,True
1116,94,Milo,0.892,0.8156,0.7584,0.7665,0.94,0.935,0.075,0.96,0.042,I need room to choose.,True
1117,94,Ivo,0.892,0.8318,0.7776,0.7665,0.94,0.935,0.805,0.96,0.287,I need room to choose.,True
1118,94,Juno,0.892,0.8048,0.7408,0.764,0.94,0.96,0.097,0.96,0.04,I need room to choose.,True
1120,94,Fay,0.892,0.7976,0.7712,0.7686,0.94,0.914,0.145,0.96,0.046,I need room to choose.,True
1123,94,Ivo,0.892,0.8318,0.7776,0.764,0.94,0.96,0.74,0.96,0.252,I need room to choose.,True
1125,94,Ari,0.892,0.8192,0.7792,0.7665,0.94,0.935,0.835,0.96,0.313,I need room to choose.,True
1127,94,Nia,0.892,0.8444,0.7504,0.7665,0.895,0.935,0.902,0.96,0.439,I need room to choose.,True
1128,95,Milo,0.892,0.8156,0.7584,0.7661,0.94,0.939,0.11,0.96,0.044,That is mine; ask before touching it.,True
1130,95,Juno,0.892,0.8048,0.7408,0.764,0.94,0.96,0.132,0.96,0.042,That is mine; ask before touching it.,True
1132,95,Fay,0.892,0.7976,0.7712,0.764,0.94,0.96,0.08,0.96,0.048,That is mine; ask before touching it.,True
1134,95,Milo,0.892,0.8156,0.7584,0.764,0.94,0.96,0.045,0.96,0.046,That is mine; ask before touching it.,True
1135,95,Ivo,0.892,0.8318,0.7776,0.764,0.94,0.96,0.752,0.96,0.254,I need room to choose.,True
1137,95,Ari,0.892,0.8192,0.7792,0.764,0.94,0.96,0.77,0.96,0.315,That is mine; ask before touching it.,True
1139,95,Nia,0.892,0.8444,0.7504,0.7661,0.85,0.939,0.96,0.96,0.441,I need room to choose.,True
1140,96,Milo,0.892,0.8156,0.7584,0.7665,0.94,0.935,0.08,0.96,0.048,I need room to choose.,True
1142,96,Juno,0.892,0.8048,0.7408,0.7665,0.94,0.935,0.167,0.96,0.044,I need room to choose.,True
1144,96,Fay,0.892,0.7976,0.7712,0.764,0.94,0.96,0.04,0.96,0.04,I need room to choose.,True
1145,96,Nia,0.892,0.8444,0.7504,0.7686,0.856,0.914,0.96,0.96,0.443,I need room to choose.,True
1147,96,Ivo,0.892,0.8318,0.7776,0.7665,0.895,0.935,0.812,0.96,0.282,I need room to choose.,True
1149,96,Ari,0.892,0.8192,0.7792,0.764,0.94,0.96,0.705,0.96,0.28,I need room to choose.,True
1151,96,Nia,0.892,0.8444,0.7504,0.7711,0.811,0.889,0.96,0.96,0.445,I need room to choose.,True
1152,97,Milo,0.892,0.8156,0.7584,0.764,0.94,0.96,0.04,0.96,0.05,That is mine; ask before touching it.,True
1154,97,Juno,0.892,0.8048,0.7408,0.764,0.94,0.96,0.102,0.96,0.046,That is mine; ask before touching it.,True
1156,97,Fay,0.892,0.7976,0.7712,0.764,0.94,0.96,0.075,0.96,0.042,That is mine; ask before touching it.,True
1159,97,Ivo,0.892,0.8318,0.7776,0.7661,0.85,0.939,0.872,0.96,0.284,I need room to choose.,True
1161,97,Ari,0.892,0.8192,0.7792,0.764,0.94,0.96,0.717,0.96,0.282,I need room to choose.,True
1162,97,Fay,0.892,0.7976,0.7712,0.764,0.895,0.96,0.135,0.96,0.044,I need room to choose.,True
1163,97,Nia,0.892,0.8444,0.7504,0.7707,0.766,0.893,0.96,0.96,0.447,I need room to choose.,True
1164,98,Milo,0.892,0.8156,0.7584,0.764,0.94,0.96,0.04,0.96,0.04,I need room to choose.,True
1166,98,Juno,0.892,0.8048,0.7408,0.764,0.94,0.96,0.04,0.96,0.04,I need room to choose.,True
1167,98,Ari,0.892,0.8192,0.7792,0.764,0.94,0.96,0.652,0.96,0.247,I need room to choose.,True
1168,98,Fay,0.892,0.7976,0.7712,0.7665,0.901,0.935,0.17,0.96,0.046,I need room to choose.,True
1171,98,Ivo,0.892,0.8318,0.7776,0.7686,0.805,0.914,0.932,0.96,0.286,I need room to choose.,True
1173,98,Ari,0.892,0.8192,0.7792,0.7665,0.895,0.935,0.712,0.96,0.275,I need room to choose.,True
1175,98,Nia,0.892,0.8444,0.7504,0.7703,0.772,0.897,0.96,0.96,0.449,I need room to choose.,True
1176,99,Milo,0.892,0.8156,0.7584,0.764,0.94,0.96,0.075,0.96,0.042,That is mine; ask before touching it.,True
1178,99,Juno,0.892,0.8048,0.7408,0.764,0.94,0.96,0.052,0.96,0.042,I need room to choose.,True
1180,99,Fay,0.892,0.7976,0.7712,0.764,0.94,0.96,0.105,0.96,0.048,That is mine; ask before touching it.,True
1183,99,Ivo,0.892,0.8318,0.7776,0.7682,0.76,0.918,0.96,0.96,0.288,I need room to choose.,True
1185,99,Ari,0.892,0.8192,0.7792,0.7661,0.85,0.939,0.772,0.96,0.277,I need room to choose.,True
1187,99,Nia,0.892,0.8444,0.7504,0.7699,0.778,0.901,0.96,0.96,0.451,I need room to choose.,True
1188,100,Ivo,0.892,0.8318,0.7776,0.764,0.845,0.96,0.895,0.96,0.29,That is mine; ask before touching it.,True
1189,100,Juno,0.892,0.8048,0.7408,0.764,0.94,0.96,0.064,0.96,0.044,I need room to choose.,True
1190,100,Ari,0.892,0.8192,0.7792,0.7657,0.856,0.943,0.807,0.96,0.279,That is mine; ask before touching it.,True
1192,100,Nia,0.892,0.8444,0.7504,0.7695,0.784,0.905,0.96,0.96,0.453,I need room to choose.,True
1195,100,Juno,0.892,0.8048,0.7408,0.764,0.94,0.96,0.076,0.96,0.046,I need room to choose.,True
1197,100,Fay,0.892,0.7976,0.7712,0.764,0.895,0.96,0.165,0.96,0.05,I need room to choose.,True
1199,100,Milo,0.892,0.8156,0.7584,0.764,0.94,0.96,0.04,0.96,0.044,That is mine; ask before touching it.,True
1200,101,Ivo,0.892,0.8318,0.7776,0.764,0.93,0.96,0.83,0.96,0.255,I need room to choose.,True
1202,101,Ari,0.892,0.8192,0.7792,0.7682,0.862,0.918,0.842,0.96,0.281,I need room to choose.,True
1204,101,Nia,0.892,0.8444,0.7504,0.772,0.739,0.88,0.96,0.96,0.481,I need room to choose.,True
1206,101,Ivo,0.892,0.8318,0.7776,0.764,0.936,0.96,0.842,0.96,0.257,I need room to choose.,True
1207,101,Juno,0.892,0.8048,0.7408,0.764,0.94,0.96,0.111,0.96,0.048,That is mine; ask before touching it.,True
1209,101,Fay,0.892,0.7976,0.7712,0.764,0.901,0.96,0.177,0.96,0.052,I need room to choose.,True
1211,101,Milo,0.892,0.8156,0.7584,0.764,0.94,0.96,0.04,0.96,0.04,I need room to choose.,True
1212,102,Ivo,0.892,0.8318,0.7776,0.764,0.94,0.96,0.854,0.96,0.259,I need room to choose.,True
1214,102,Ari,0.892,0.8192,0.7792,0.764,0.94,0.96,0.777,0.96,0.283,That is mine; ask before touching it.,True
1216,102,Nia,0.892,0.8444,0.7504,0.7716,0.694,0.884,0.96,0.96,0.483,I need room to choose.,True
1217,102,Milo,0.892,0.8156,0.7584,0.764,0.895,0.96,0.1,0.96,0.042,I need room to choose.,True
1219,102,Juno,0.892,0.8048,0.7408,0.764,0.94,0.96,0.046,0.96,0.05,That is mine; ask before touching it.,True
1221,102,Fay,0.892,0.7976,0.7712,0.764,0.907,0.96,0.189,0.96,0.054,I need room to choose.,True
1223,102,Milo,0.8884,0.8156,0.7584,0.764,0.94,0.96,0.04,0.942,0.04,I need room to choose.,True
1224,103,Ivo,0.892,0.8318,0.7776,0.7665,0.895,0.935,0.914,0.96,0.287,I need room to choose.,True
1226,103,Ari,0.892,0.8192,0.7792,0.764,0.94,0.96,0.712,0.96,0.248,I need room to choose.,True
1228,103,Nia,0.892,0.8444,0.7504,0.7741,0.649,0.859,0.96,0.96,0.485,I need room to choose.,True
1231,103,Juno,0.892,0.8048,0.7408,0.764,0.94,0.96,0.04,0.96,0.04,I need room to choose.,True
1233,103,Fay,0.892,0.7976,0.7712,0.764,0.913,0.96,0.224,0.96,0.056,That is mine; ask before touching it.,True
1234,103,Nia,0.892,0.8444,0.7504,0.7686,0.734,0.914,0.895,0.96,0.45,I need room to choose.,True
1235,103,Milo,0.892,0.8156,0.7584,0.7665,0.94,0.935,0.075,0.96,0.042,I need room to choose.,True
1236,104,Ivo,0.892,0.8318,0.7776,0.7661,0.85,0.939,0.96,0.96,0.289,I need room to choose.,True
1238,104,Ari,0.892,0.8192,0.7792,0.764,0.94,0.96,0.724,0.96,0.25,I need room to choose.,True
1239,104,Fay,0.892,0.7976,0.7712,0.764,0.868,0.96,0.284,0.96,0.058,I need room to choose.,True
1240,104,Nia,0.892,0.8444,0.7504,0.7682,0.689,0.918,0.955,0.96,0.452,I need room to choose.,True
1243,104,Juno,0.8884,0.8048,0.7408,0.764,0.94,0.96,0.04,0.942,0.04,I need room to choose.,True
1245,104,Fay,0.892,0.7976,0.7712,0.764,0.94,0.96,0.219,0.96,0.06,That is mine; ask before touching it.,True
1247,104,Milo,0.892,0.8156,0.7584,0.7661,0.94,0.939,0.11,0.96,0.044,That is mine; ask before touching it.,True
1248,105,Ivo,0.892,0.8318,0.7776,0.7686,0.805,0.914,0.96,0.96,0.291,I need room to choose.,True
1250,105,Ari,0.892,0.8192,0.7792,0.7665,0.895,0.935,0.784,0.96,0.278,I need room to choose.,True
1252,105,Nia,0.892,0.8444,0.7504,0.7678,0.695,0.922,0.96,0.96,0.454,I need room to choose.,True
1255,105,Juno,0.892,0.8048,0.7408,0.7665,0.94,0.935,0.075,0.96,0.042,I need room to choose.,True
1256,105,Ari,0.892,0.8192,0.7792,0.7661,0.901,0.939,0.819,0.96,0.28,That is mine; ask before touching it.,True
1257,105,Fay,0.892,0.7976,0.7712,0.764,0.94,0.96,0.154,0.96,0.04,I need room to choose.,True
1259,105,Milo,0.892,0.8156,0.7584,0.7686,0.94,0.914,0.145,0.96,0.046,I need room to choose.,True
1260,106,Ivo,0.892,0.8318,0.7776,0.7682,0.76,0.918,0.96,0.96,0.293,I need room to choose.,True
1262,106,Ari,0.892,0.8192,0.7792,0.7657,0.856,0.943,0.879,0.96,0.282,I need room to choose.,True
1264,106,Nia,0.892,0.8444,0.7504,0.7674,0.701,0.926,0.96,0.96,0.456,I need room to choose.,True
1267,106,Juno,0.892,0.8048,0.7408,0.7661,0.94,0.939,0.11,0.96,0.044,That is mine; ask before touching it.,True
1269,106,Fay,0.8884,0.7976,0.7712,0.764,0.94,0.96,0.089,0.942,0.04,I need room to choose.,True
1271,106,Milo,0.892,0.8156,0.7584,0.764,0.94,0.96,0.08,0.96,0.048,That is mine; ask before touching it.,True
1272,107,Ivo,0.892,0.8318,0.7776,0.7678,0.766,0.922,0.96,0.96,0.295,I need room to choose.,True
1273,107,Juno,0.892,0.8048,0.7408,0.7657,0.94,0.943,0.145,0.96,0.046,That is mine; ask before touching it.,True
1274,107,Ari,0.892,0.8192,0.7792,0.7682,0.811,0.918,0.939,0.96,0.284,I need room to choose.,True
1276,107,Nia,0.892,0.8444,0.7504,0.767,0.707,0.93,0.96,0.96,0.458,That is mine; ask before touching it.,True
1279,107,Juno,0.892,0.8048,0.7408,0.7682,0.94,0.918,0.18,0.96,0.048,I need room to choose.,True
1281,107,Fay,0.892,0.7976,0.7712,0.7665,0.94,0.935,0.124,0.96,0.042,I need room to choose.,True
1283,107,Milo,0.892,0.8156,0.7584,0.764,0.94,0.96,0.04,0.96,0.04,I need room to choose.,True
1284,108,Ivo,0.892,0.8318,0.7776,0.7674,0.772,0.926,0.96,0.96,0.297,I need room to choose.,True
1286,108,Ari,0.892,0.8192,0.7792,0.7678,0.766,0.922,0.96,0.96,0.286,I need room to choose.,True
1288,108,Nia,0.892,0.8444,0.7504,0.764,0.792,0.96,0.895,0.96,0.46,That is mine; ask before touching it.,True
1290,108,Ivo,0.892,0.8318,0.7776,0.767,0.778,0.93,0.96,0.96,0.299,That is mine; ask before touching it.,True
1291,108,Juno,0.892,0.8048,0.7408,0.764,0.94,0.96,0.115,0.96,0.05,That is mine; ask before touching it.,True
1293,108,Fay,0.892,0.7976,0.7712,0.7661,0.94,0.939,0.159,0.96,0.044,That is mine; ask before touching it.,True
1295,108,Milo,0.892,0.8156,0.7584,0.764,0.94,0.96,0.075,0.96,0.042,That is mine; ask before touching it.,True
1296,109,Ivo,0.892,0.8318,0.7776,0.7666,0.784,0.934,0.96,0.96,0.301,That is mine; ask before touching it.,True
1298,109,Ari,0.892,0.8192,0.7792,0.7674,0.772,0.926,0.96,0.96,0.288,I need room to choose.,True
1300,109,Nia,0.892,0.8444,0.7504,0.764,0.877,0.96,0.83,0.96,0.425,I need room to choose.,True
1301,109,Milo,0.892,0.8156,0.7584,0.7665,0.94,0.935,0.11,0.96,0.044,I need room to choose.,True
1303,109,Juno,0.892,0.8048,0.7408,0.764,0.94,0.96,0.05,0.96,0.04,I need room to choose.,True
1305,109,Fay,0.892,0.7976,0.7712,0.7686,0.94,0.914,0.194,0.96,0.046,I need room to choose.,True
1307,109,Milo,0.892,0.8156,0.7584,0.769,0.94,0.91,0.145,0.96,0.046,I need room to choose.,True
1308,110,Juno,0.892,0.8048,0.7408,0.764,0.94,0.96,0.04,0.96,0.04,I need room to choose.,True
1310,110,Fay,0.892,0.7976,0.7712,0.7682,0.94,0.918,0.229,0.96,0.048,That is mine; ask before touching it.,True
1311,110,Nia,0.892,0.8444,0.7504,0.764,0.94,0.96,0.765,0.96,0.39,I need room to choose.,True
1312,110,Milo,0.892,0.8156,0.7584,0.7715,0.94,0.885,0.18,0.96,0.048,I need room to choose.,True
1315,110,Ari,0.892,0.8192,0.7792,0.7699,0.778,0.901,0.96,0.96,0.29,I need room to choose.,True
1317,110,Nia,0.892,0.8444,0.7504,0.764,0.94,0.96,0.7,0.96,0.355,I need room to choose.,True
1319,110,Ivo,0.892,0.8318,0.7776,0.764,0.869,0.96,0.895,0.96,0.266,I need room to choose.,True
1320,111,Juno,0.8884,0.8048,0.7408,0.764,0.94,0.96,0.04,0.942,0.04,I need room to choose.,True
1322,111,Fay,0.892,0.7976,0.7712,0.764,0.94,0.96,0.164,0.96,0.05,That is mine; ask before touching it.,True
1324,111,Milo,0.892,0.8156,0.7584,0.7711,0.94,0.889,0.215,0.96,0.05,That is mine; ask before touching it.,True
1327,111,Ari,0.892,0.8192,0.7792,0.7695,0.784,0.905,0.96,0.96,0.292,That is mine; ask before touching it.,True
1328,111,Fay,0.892,0.7976,0.7712,0.764,0.94,0.96,0.099,0.96,0.052,That is mine; ask before touching it.,True
1329,111,Nia,0.892,0.8444,0.7504,0.764,0.94,0.96,0.735,0.96,0.357,That is mine; ask before touching it.,True
1331,111,Ivo,0.892,0.8318,0.7776,0.764,0.875,0.96,0.907,0.96,0.268,I need room to choose.,True
1332,112,Juno,0.892,0.8048,0.7408,0.7665,0.94,0.935,0.075,0.96,0.042,I need room to choose.,True
1333,112,Ari,0.892,0.8192,0.7792,0.7691,0.79,0.909,0.96,0.96,0.294,That is mine; ask before touching it.,True
1334,112,Fay,0.892,0.7976,0.7712,0.764,0.94,0.96,0.04,0.96,0.04,I need room to choose.,True
1336,112,Milo,0.892,0.8156,0.7584,0.7736,0.94,0.864,0.25,0.96,0.052,I need room to choose.,True
1339,112,Ari,0.892,0.8192,0.7792,0.7716,0.796,0.884,0.96,0.96,0.296,I need room to choose.,True
1341,112,Nia,0.892,0.8444,0.7504,0.7665,0.94,0.935,0.77,0.96,0.359,I need room to choose.,True
1343,112,Ivo,0.892,0.8318,0.7776,0.7665,0.83,0.935,0.96,0.96,0.296,I need room to choose.,True
1344,113,Juno,0.892,0.8048,0.7408,0.7661,0.94,0.939,0.11,0.96,0.044,That is mine; ask before touching it.,True
1346,113,Fay,0.8884,0.7976,0.7712,0.764,0.94,0.96,0.04,0.942,0.04,I need room to choose.,True
1348,113,Milo,0.892,0.8156,0.7584,0.7681,0.94,0.919,0.185,0.96,0.054,That is mine; ask before touching it.,True
1351,113,Ari,0.892,0.8192,0.7792,0.7661,0.881,0.939,0.895,0.96,0.298,That is mine; ask before touching it.,True
1353,113,Nia,0.892,0.8444,0.7504,0.764,0.94,0.96,0.705,0.96,0.361,That is mine; ask before touching it.,True
1355,113,Ivo,0.892,0.8318,0.7776,0.7661,0.785,0.939,0.96,0.96,0.298,I need room to choose.,True
1356,114,Juno,0.892,0.8048,0.7408,0.7686,0.94,0.914,0.145,0.96,0.046,I need room to choose.,True
1358,114,Fay,0.892,0.7976,0.7712,0.7665,0.94,0.935,0.075,0.96,0.042,I need room to choose.,True
1360,114,Milo,0.892,0.8156,0.7584,0.764,0.94,0.96,0.12,0.96,0.04,I need room to choose.,True
1362,114,Juno,0.892,0.8048,0.7408,0.764,0.94,0.96,0.08,0.96,0.04,I need room to choose.,True
1363,114,Ari,0.892,0.8192,0.7792,0.764,0.94,0.96,0.83,0.96,0.263,I need room to choose.,True
1365,114,Nia,0.892,0.8444,0.7504,0.764,0.94,0.96,0.64,0.96,0.326,I need room to choose.,True
1367,114,Ivo,0.892,0.8318,0.7776,0.7686,0.74,0.914,0.96,0.96,0.3,I need room to choose.,True
1368,115,Juno,0.892,0.8048,0.7408,0.764,0.94,0.96,0.04,0.96,0.042,That is mine; ask before touching it.,True
1370,115,Fay,0.892,0.7976,0.7712,0.7661,0.94,0.939,0.11,0.96,0.044,That is mine; ask before touching it.,True
1372,115,Milo,0.892,0.8156,0.7584,0.764,0.94,0.96,0.155,0.96,0.042,That is mine; ask before touching it.,True
1373,115,Ivo,0.892,0.8318,0.7776,0.764,0.825,0.96,0.895,0.96,0.302,That is mine; ask before touching it.,True
1375,115,Ari,0.892,0.8192,0.7792,0.764,0.94,0.96,0.865,0.96,0.265,That is mine; ask before touching it.,True
1377,115,Nia,0.892,0.8444,0.7504,0.764,0.94,0.96,0.652,0.96,0.328,I need room to choose.,True
1379,115,Ivo,0.892,0.8318,0.7776,0.764,0.78,0.96,0.955,0.96,0.304,I need room to choose.,True
1380,116,Juno,0.892,0.8048,0.7408,0.764,0.94,0.96,0.04,0.96,0.04,I need room to choose.,True
1382,116,Fay,0.892,0.7976,0.7712,0.7686,0.94,0.914,0.145,0.96,0.046,I need room to choose.,True
1384,116,Milo,0.892,0.8156,0.7584,0.7665,0.94,0.935,0.19,0.96,0.044,I need room to choose.,True
1387,116,Ari,0.892,0.8192,0.7792,0.7665,0.94,0.935,0.9,0.96,0.267,I need room to choose.,True
1389,116,Nia,0.892,0.8444,0.7504,0.7665,0.895,0.935,0.712,0.96,0.356,I need room to choose.,True
1390,116,Milo,0.892,0.8156,0.7584,0.769,0.895,0.91,0.25,0.96,0.046,I need room to choose.,True
1391,116,Ivo,0.892,0.8318,0.7776,0.764,0.786,0.96,0.96,0.96,0.306,I need room to choose.,True
1392,117,Juno,0.892,0.8048,0.7408,0.764,0.94,0.96,0.075,0.96,0.042,That is mine; ask before touching it.,True
1394,117,Fay,0.892,0.7976,0.7712,0.764,0.94,0.96,0.08,0.96,0.048,That is mine; ask before touching it.,True
1395,117,Nia,0.892,0.8444,0.7504,0.7661,0.901,0.939,0.747,0.96,0.358,That is mine; ask before touching it.,True
1396,117,Milo,0.892,0.8156,0.7584,0.764,0.94,0.96,0.185,0.96,0.048,That is mine; ask before touching it.,True
1399,117,Ari,0.892,0.8192,0.7792,0.764,0.94,0.96,0.835,0.96,0.269,That is mine; ask before touching it.,True
1401,117,Nia,0.892,0.8444,0.7504,0.7657,0.856,0.943,0.807,0.96,0.36,I need room to choose.,True
1403,117,Ivo,0.892,0.8318,0.7776,0.764,0.792,0.96,0.96,0.96,0.308,I need room to choose.,True
1404,118,Juno,0.892,0.8048,0.7408,0.7665,0.94,0.935,0.11,0.96,0.044,I need room to choose.,True
1406,118,Fay,0.892,0.7976,0.7712,0.764,0.94,0.96,0.04,0.96,0.04,I need room to choose.,True
1408,118,Milo,0.892,0.8156,0.7584,0.764,0.94,0.96,0.12,0.96,0.04,I need room to choose.,True
1411,118,Ari,0.892,0.8192,0.7792,0.764,0.94,0.96,0.77,0.96,0.234,I need room to choose.,True
1412,118,Fay,0.892,0.7976,0.7712,0.7665,0.895,0.935,0.1,0.96,0.068,I need room to choose.,True
1413,118,Nia,0.892,0.8444,0.7504,0.7682,0.811,0.918,0.867,0.96,0.362,I need room to choose.,True
1415,118,Ivo,0.892,0.8318,0.7776,0.764,0.798,0.96,0.96,0.96,0.31,That is mine; ask before touching it.,True
1416,119,Juno,0.892,0.8048,0.7408,0.764,0.94,0.96,0.045,0.96,0.046,That is mine; ask before touching it.,True
1417,119,Ari,0.892,0.8192,0.7792,0.764,0.94,0.96,0.705,0.96,0.236,That is mine; ask before touching it.,True
1418,119,Fay,0.892,0.7976,0.7712,0.7661,0.901,0.939,0.135,0.96,0.07,That is mine; ask before touching it.,True
1420,119,Milo,0.892,0.8156,0.7584,0.764,0.94,0.96,0.132,0.96,0.042,I need room to choose.,True
1423,119,Ari,0.892,0.8192,0.7792,0.764,0.94,0.96,0.717,0.96,0.238,I need room to choose.,True
1425,119,Nia,0.892,0.8444,0.7504,0.7678,0.766,0.922,0.927,0.96,0.364,I need room to choose.,True
1427,119,Ivo,0.892,0.8318,0.7776,0.764,0.883,0.96,0.895,0.96,0.312,That is mine; ask before touching it.,True
1428,120,Ari,0.892,0.8192,0.7792,0.764,0.94,0.96,0.652,0.96,0.24,That is mine; ask before touching it.,True
1430,120,Nia,0.892,0.8444,0.7504,0.764,0.851,0.96,0.862,0.96,0.366,That is mine; ask before touching it.,True
1432,120,Ivo,0.892,0.8318,0.7776,0.764,0.838,0.96,0.955,0.96,0.314,I need room to choose.,True
1435,120,Fay,0.892,0.7976,0.7712,0.7657,0.856,0.943,0.195,0.96,0.072,I need room to choose.,True
1437,120,Milo,0.892,0.8156,0.7584,0.764,0.94,0.96,0.144,0.96,0.044,I need room to choose.,True
1439,120,Juno,0.8884,0.8048,0.7408,0.764,0.94,0.96,0.04,0.942,0.04,I need room to choose.,True
