tick_id,day,route_id,recovery_before,new_damage,guild_repair,avatar_repair,drill_bonus,recovery_after,stage,unresolved,visible_recovery_marker
0,1,riverbend_roofward,0.68,0.0,0.035773,0.0,0.0,0.715773,open,False,open:0.72
1,1,roofward_archive,0.65,0.0,0.036423,0.0,0.0,0.686423,open,False,open:0.69
2,1,archive_signal,0.62,0.0,0.037073,0.0,0.0,0.657073,open,False,open:0.66
3,1,signal_orchard,0.59,0.08923,0.037723,0.0,0.0,0.538493,shored,True,shored:0.54
4,1,orchard_riverbend,0.56,0.0,0.038373,0.0,0.0,0.598373,open,False,open:0.60
5,1,central_repair_ring,0.53,0.0,0.039023,0.0,0.0,0.569023,shored,True,shored:0.57
6,1,riverbend_roofward,0.715773,0.0,0.0,0.0,0.0,0.715773,open,False,open:0.72
7,1,roofward_archive,0.686423,0.0,0.036436,0.0,0.0,0.722859,open,False,open:0.72
8,1,archive_signal,0.657073,0.0,0.037086,0.0,0.0,0.694159,open,False,open:0.69
9,1,signal_orchard,0.538493,0.0,0.037736,0.0,0.0,0.576229,shored,True,shored:0.58
10,1,orchard_riverbend,0.598373,0.0,0.038386,0.0,0.0,0.636759,open,False,open:0.64
11,1,central_repair_ring,0.569023,0.0,0.039036,0.0,0.0,0.608059,open,False,open:0.61
12,1,riverbend_roofward,0.715773,0.090653,0.035799,0.0,0.0,0.660919,blocked watch,True,blocked watch:0.66
13,1,roofward_archive,0.722859,0.0,0.036449,0.0,0.0,0.759308,open,False,open:0.76
14,2,archive_signal,0.694159,0.0,0.037099,0.0,0.0,0.731258,open,False,open:0.73
15,2,signal_orchard,0.576229,0.0,0.037749,0.0,0.0,0.613978,open,False,open:0.61
16,2,orchard_riverbend,0.636759,0.0,0.038399,0.0,0.0,0.675158,open,False,open:0.68
17,2,central_repair_ring,0.608059,0.0,0.039049,0.0,0.0,0.647108,open,False,open:0.65
18,2,riverbend_roofward,0.660919,0.0,0.035812,0.0,0.0,0.696731,open,False,open:0.70
19,2,roofward_archive,0.759308,0.0,0.036462,0.0,0.0,0.79577,open,False,open:0.80
20,2,archive_signal,0.731258,0.0,0.037112,0.0,0.0,0.76837,open,False,open:0.77
21,2,signal_orchard,0.613978,0.0,0.037762,0.0,0.0,0.65174,open,False,open:0.65
22,2,orchard_riverbend,0.675158,0.092575,0.038412,0.0,0.0,0.620995,blocked watch,True,blocked watch:0.62
23,2,central_repair_ring,0.647108,0.0,0.039062,0.0,0.0,0.68617,open,False,open:0.69
24,2,riverbend_roofward,0.696731,0.0,0.035825,0.0,0.0,0.732556,open,False,open:0.73
25,2,roofward_archive,0.79577,0.0,0.036475,0.0,0.0,0.832245,open,False,open:0.83
26,2,archive_signal,0.76837,0.0,0.037125,0.0,0.0,0.805495,open,False,open:0.81
27,2,signal_orchard,0.65174,0.0,0.037775,0.0,0.0,0.689515,open,False,open:0.69
28,3,orchard_riverbend,0.620995,0.0,0.038425,0.0,0.0,0.65942,open,False,open:0.66
29,3,central_repair_ring,0.68617,0.0,0.039075,0.0,0.0,0.725245,open,False,open:0.73
30,3,riverbend_roofward,0.732556,0.0,0.0,0.0,0.0,0.732556,open,False,open:0.73
31,3,roofward_archive,0.832245,0.0,0.036488,0.0,0.0,0.868733,open,False,open:0.87
32,3,archive_signal,0.805495,0.0,0.037138,0.0,0.0,0.842633,open,False,open:0.84
33,3,signal_orchard,0.689515,0.0,0.037788,0.0,0.0,0.727303,open,False,open:0.73
34,3,orchard_riverbend,0.65942,0.0,0.038438,0.0,0.0,0.697858,open,False,open:0.70
35,3,central_repair_ring,0.725245,0.0,0.039088,0.0,0.0,0.764333,open,False,open:0.76
36,3,riverbend_roofward,0.732556,0.0,0.0,0.0,0.0,0.732556,open,False,open:0.73
37,3,roofward_archive,0.868733,0.0,0.036501,0.0,0.0,0.905234,open,False,open:0.91
38,3,archive_signal,0.842633,0.0,0.037151,0.0,0.0,0.879784,open,False,open:0.88
39,3,signal_orchard,0.727303,0.0,0.037801,0.0,0.0,0.765104,open,False,open:0.77
40,3,orchard_riverbend,0.697858,0.02,0.038451,0.0,0.0,0.716309,open,False,open:0.72
41,3,central_repair_ring,0.764333,0.0,0.039101,0.0,0.0,0.803434,open,False,open:0.80
42,4,riverbend_roofward,0.732556,0.0,0.035864,0.0,0.0,0.76842,open,False,open:0.77
43,4,roofward_archive,0.905234,0.0,0.036514,0.0,0.0,0.941748,open,False,open:0.94
44,4,archive_signal,0.879784,0.0,0.037164,0.0,0.0,0.916948,open,False,open:0.92
45,4,signal_orchard,0.765104,0.0,0.037814,0.0,0.0,0.802918,open,False,open:0.80
46,4,orchard_riverbend,0.716309,0.0,0.038464,0.0,0.0,0.754773,open,False,open:0.75
47,4,central_repair_ring,0.803434,0.0,0.0,0.0,0.0,0.803434,open,False,open:0.80
48,4,riverbend_roofward,0.76842,0.0,0.035877,0.0,0.0,0.804297,open,False,open:0.80
49,4,roofward_archive,0.941748,0.0,0.036527,0.0,0.0,0.96,open,False,open:0.96
50,4,archive_signal,0.916948,0.02,0.037177,0.0,0.0,0.934125,open,False,open:0.93
51,4,signal_orchard,0.802918,0.0,0.037827,0.0,0.0,0.840745,open,False,open:0.84
52,4,orchard_riverbend,0.754773,0.0,0.038477,0.0,0.0,0.79325,open,False,open:0.79
53,4,central_repair_ring,0.803434,0.0,0.0,0.0,0.0,0.803434,open,False,open:0.80
54,4,riverbend_roofward,0.804297,0.0,0.03589,0.0,0.0,0.840187,open,False,open:0.84
55,4,roofward_archive,0.96,0.0,0.03654,0.0,0.0,0.96,open,False,open:0.96
56,5,archive_signal,0.934125,0.0,0.03719,0.0,0.0,0.96,open,False,open:0.96
57,5,signal_orchard,0.840745,0.0,0.03784,0.0,0.0,0.878585,open,False,open:0.88
58,5,orchard_riverbend,0.79325,0.0,0.03849,0.0,0.0,0.83174,open,False,open:0.83
59,5,central_repair_ring,0.803434,0.02,0.03914,0.0,0.0,0.822574,open,False,open:0.82
60,5,riverbend_roofward,0.840187,0.0,0.035903,0.0,0.0,0.87609,open,False,open:0.88
61,5,roofward_archive,0.96,0.0,0.036553,0.0,0.0,0.96,open,False,open:0.96
62,5,archive_signal,0.96,0.0,0.037203,0.0,0.0,0.96,open,False,open:0.96
63,5,signal_orchard,0.878585,0.0,0.037853,0.0,0.0,0.916438,open,False,open:0.92
64,5,orchard_riverbend,0.83174,0.0,0.038503,0.0,0.0,0.870243,open,False,open:0.87
65,5,central_repair_ring,0.822574,0.0,0.039153,0.0,0.0,0.861727,open,False,open:0.86
66,5,riverbend_roofward,0.87609,0.0,0.035916,0.0,0.0,0.912006,open,False,open:0.91
67,5,roofward_archive,0.96,0.0,0.036566,0.0,0.0,0.96,open,False,open:0.96
68,5,archive_signal,0.96,0.02,0.037216,0.0,0.0,0.96,open,False,open:0.96
69,5,signal_orchard,0.916438,0.0,0.037866,0.0,0.0,0.954304,open,False,open:0.95
70,6,orchard_riverbend,0.870243,0.0,0.038516,0.0,0.0,0.908759,open,False,open:0.91
71,6,central_repair_ring,0.861727,0.0,0.039166,0.0,0.0,0.900893,open,False,open:0.90
72,6,riverbend_roofward,0.912006,0.0,0.035929,0.0,0.0,0.947935,open,False,open:0.95
73,6,roofward_archive,0.96,0.0,0.036579,0.0,0.0,0.96,open,False,open:0.96
74,6,archive_signal,0.96,0.0,0.037229,0.0,0.0,0.96,open,False,open:0.96
75,6,signal_orchard,0.954304,0.0,0.0,0.0,0.0,0.954304,open,False,open:0.95
76,6,orchard_riverbend,0.908759,0.0,0.038529,0.0,0.0,0.947288,open,False,open:0.95
77,6,central_repair_ring,0.900893,0.0,0.039179,0.0,0.0,0.940072,open,False,open:0.94
78,6,riverbend_roofward,0.947935,0.02,0.035942,0.0,0.0,0.96,open,False,open:0.96
79,6,roofward_archive,0.96,0.0,0.036592,0.0,0.0,0.96,open,False,open:0.96
80,6,archive_signal,0.96,0.0,0.038241,0.0,0.0,0.96,open,False,open:0.96
81,6,signal_orchard,0.954304,0.0,0.0,0.0,0.0,0.954304,open,False,open:0.95
82,6,orchard_riverbend,0.947288,0.0,0.038542,0.0,0.0,0.96,open,False,open:0.96
83,6,central_repair_ring,0.940072,0.0,0.039192,0.0,0.0,0.96,open,False,open:0.96
84,7,roofward_archive,0.96,0.0,0.036605,0.0,0.0,0.96,open,False,open:0.96
85,7,archive_signal,0.96,0.0,0.038254,0.0,0.0,0.96,open,False,open:0.96
86,7,signal_orchard,0.954304,0.0,0.0,0.0,0.0,0.954304,open,False,open:0.95
87,7,orchard_riverbend,0.96,0.02,0.038555,0.0,0.0,0.96,open,False,open:0.96
88,7,central_repair_ring,0.96,0.0,0.039205,0.0,0.0,0.96,open,False,open:0.96
89,7,riverbend_roofward,0.96,0.0,0.035955,0.0,0.0,0.96,open,False,open:0.96
90,7,roofward_archive,0.96,0.0,0.037617,0.0,0.0,0.96,open,False,open:0.96
91,7,archive_signal,0.96,0.0,0.038267,0.0,0.0,0.96,open,False,open:0.96
92,7,signal_orchard,0.954304,0.089937,0.0,0.0,0.0,0.864367,blocked watch,True,blocked watch:0.86
93,7,orchard_riverbend,0.96,0.0,0.038568,0.0,0.0,0.96,open,False,open:0.96
94,7,central_repair_ring,0.96,0.0,0.039218,0.0,0.0,0.96,open,False,open:0.96
95,7,riverbend_roofward,0.96,0.0,0.035968,0.0,0.0,0.96,open,False,open:0.96
96,7,roofward_archive,0.96,0.0,0.03763,0.0,0.0,0.96,open,False,open:0.96
97,7,archive_signal,0.96,0.0,0.03828,0.0,0.0,0.96,open,False,open:0.96
98,8,signal_orchard,0.864367,0.0,0.037931,0.0,0.0,0.902298,open,False,open:0.90
99,8,orchard_riverbend,0.96,0.0,0.038581,0.0,0.0,0.96,open,False,open:0.96
100,8,central_repair_ring,0.96,0.0,0.039231,0.055,0.0,0.96,open,False,open:0.96
101,8,riverbend_roofward,0.96,0.0,0.035981,0.0,0.0,0.96,open,False,open:0.96
102,8,roofward_archive,0.96,0.0,0.037643,0.0,0.0,0.96,open,False,open:0.96
103,8,archive_signal,0.96,0.0,0.038293,0.055,0.0,0.96,open,False,open:0.96
104,8,signal_orchard,0.902298,0.0,0.037944,0.0,0.0,0.940242,open,False,open:0.94
105,8,orchard_riverbend,0.96,0.0,0.038594,0.0,0.0,0.96,open,False,open:0.96
106,8,central_repair_ring,0.96,0.0,0.039244,0.0,0.0,0.96,open,False,open:0.96
107,8,riverbend_roofward,0.96,0.0,0.035994,0.055,0.0,0.96,open,False,open:0.96
108,8,roofward_archive,0.96,0.0,0.037656,0.0,0.0,0.96,open,False,open:0.96
109,8,archive_signal,0.96,0.0,0.038306,0.055,0.0,0.96,open,False,open:0.96
110,8,signal_orchard,0.940242,0.089979,0.037957,0.0,0.0,0.88822,blocked watch,True,blocked watch:0.89
111,8,orchard_riverbend,0.96,0.0,0.038607,0.0,0.0,0.96,open,False,open:0.96
112,9,central_repair_ring,0.96,0.0,0.039257,0.0,0.0,0.96,open,False,open:0.96
113,9,riverbend_roofward,0.96,0.0,0.036007,0.0,0.0,0.96,open,False,open:0.96
114,9,roofward_archive,0.96,0.0,0.037669,0.055,0.0,0.96,open,False,open:0.96
115,9,archive_signal,0.96,0.02,0.038319,0.0,0.0,0.96,open,False,open:0.96
116,9,signal_orchard,0.88822,0.0,0.03797,0.0,0.0,0.92619,open,False,open:0.93
117,9,orchard_riverbend,0.96,0.0,0.03862,0.0,0.0,0.96,open,False,open:0.96
118,9,central_repair_ring,0.96,0.0,0.03927,0.0,0.0,0.96,open,False,open:0.96
119,9,riverbend_roofward,0.96,0.0,0.03602,0.0,0.0,0.96,open,False,open:0.96
120,9,roofward_archive,0.96,0.02,0.037682,0.0,0.0,0.96,open,False,open:0.96
121,9,archive_signal,0.96,0.0,0.038332,0.055,0.0,0.96,open,False,open:0.96
122,9,signal_orchard,0.92619,0.0,0.037983,0.0,0.0,0.96,open,False,open:0.96
123,9,orchard_riverbend,0.96,0.0,0.038633,0.055,0.0,0.96,open,False,open:0.96
124,9,central_repair_ring,0.96,0.0,0.039283,0.0,0.0,0.96,open,False,open:0.96
125,9,riverbend_roofward,0.96,0.0,0.036033,0.0,0.0,0.96,open,False,open:0.96
126,10,roofward_archive,0.96,0.0,0.037695,0.0,0.0,0.96,open,False,open:0.96
127,10,archive_signal,0.96,0.0,0.038345,0.0,0.0,0.96,open,False,open:0.96
128,10,signal_orchard,0.96,0.0,0.037996,0.055,0.0,0.96,open,False,open:0.96
129,10,orchard_riverbend,0.96,0.0,0.038646,0.0,0.0,0.96,open,False,open:0.96
130,10,central_repair_ring,0.96,0.0,0.039296,0.0,0.0,0.96,open,False,open:0.96
131,10,riverbend_roofward,0.96,0.0,0.036046,0.055,0.0,0.96,open,False,open:0.96
132,10,roofward_archive,0.96,0.0,0.037708,0.0,0.0,0.96,open,False,open:0.96
133,10,archive_signal,0.96,0.0,0.038358,0.0,0.0,0.96,open,False,open:0.96
134,10,signal_orchard,0.96,0.0,0.038009,0.0,0.0,0.96,open,False,open:0.96
135,10,orchard_riverbend,0.96,0.0,0.038659,0.055,0.0,0.96,open,False,open:0.96
136,10,central_repair_ring,0.96,0.0,0.039309,0.0,0.0,0.96,open,False,open:0.96
137,10,riverbend_roofward,0.96,0.0,0.036059,0.055,0.0,0.96,open,False,open:0.96
138,10,roofward_archive,0.96,0.02,0.037721,0.0,0.0,0.96,open,False,open:0.96
139,10,archive_signal,0.96,0.0,0.038371,0.0,0.0,0.96,open,False,open:0.96
140,11,signal_orchard,0.96,0.0,0.038022,0.0,0.0,0.96,open,False,open:0.96
141,11,orchard_riverbend,0.96,0.0,0.038672,0.0,0.0,0.96,open,False,open:0.96
142,11,central_repair_ring,0.96,0.0,0.040321,0.055,0.0,0.96,open,False,open:0.96
143,11,riverbend_roofward,0.96,0.09172,0.036072,0.0,0.0,0.904352,blocked watch,True,blocked watch:0.90
144,11,roofward_archive,0.96,0.0,0.037734,0.0,0.0,0.96,open,False,open:0.96
145,11,archive_signal,0.96,0.0,0.038384,0.055,0.0,0.96,open,False,open:0.96
146,11,signal_orchard,0.96,0.0,0.038035,0.0,0.0,0.96,open,False,open:0.96
147,11,orchard_riverbend,0.96,0.0,0.038685,0.0,0.0,0.96,open,False,open:0.96
148,11,central_repair_ring,0.96,0.02,0.040334,0.0,0.0,0.96,open,False,open:0.96
149,11,riverbend_roofward,0.904352,0.0,0.036085,0.055,0.0,0.96,open,False,open:0.96
150,11,roofward_archive,0.96,0.0,0.037747,0.0,0.0,0.96,open,False,open:0.96
151,11,archive_signal,0.96,0.0,0.038397,0.055,0.0,0.96,open,False,open:0.96
152,11,signal_orchard,0.96,0.0,0.038048,0.0,0.0,0.96,open,False,open:0.96
153,11,orchard_riverbend,0.96,0.0,0.038698,0.0,0.0,0.96,open,False,open:0.96
154,12,central_repair_ring,0.96,0.0,0.040347,0.0,0.0,0.96,open,False,open:0.96
155,12,riverbend_roofward,0.96,0.0,0.036098,0.0,0.0,0.96,open,False,open:0.96
156,12,roofward_archive,0.96,0.0,0.03776,0.0,0.0,0.96,open,False,open:0.96
157,12,archive_signal,0.96,0.0,0.03841,0.0,0.0,0.96,open,False,open:0.96
158,12,signal_orchard,0.96,0.0,0.038061,0.0,0.0,0.96,open,False,open:0.96
159,12,orchard_riverbend,0.96,0.0,0.038711,0.055,0.0,0.96,open,False,open:0.96
160,12,central_repair_ring,0.96,0.0,0.04036,0.0,0.0,0.96,open,False,open:0.96
161,12,riverbend_roofward,0.96,0.0,0.036111,0.0,0.0,0.96,open,False,open:0.96
162,12,roofward_archive,0.96,0.0,0.037773,0.0,0.0,0.96,open,False,open:0.96
163,12,archive_signal,0.96,0.0,0.038423,0.055,0.0,0.96,open,False,open:0.96
164,12,signal_orchard,0.96,0.0,0.038074,0.0,0.0,0.96,open,False,open:0.96
165,12,orchard_riverbend,0.96,0.0,0.038724,0.055,0.0,0.96,open,False,open:0.96
166,12,central_repair_ring,0.96,0.02,0.040373,0.0,0.0,0.96,open,False,open:0.96
167,12,riverbend_roofward,0.96,0.0,0.036124,0.0,0.0,0.96,open,False,open:0.96
168,13,roofward_archive,0.96,0.0,0.037786,0.0,0.0,0.96,open,False,open:0.96
169,13,archive_signal,0.96,0.0,0.038436,0.0,0.0,0.96,open,False,open:0.96
170,13,signal_orchard,0.96,0.0,0.039086,0.055,0.0,0.96,open,False,open:0.96
171,13,orchard_riverbend,0.96,0.0,0.038737,0.0,0.0,0.96,open,False,open:0.96
172,13,central_repair_ring,0.96,0.0,0.040386,0.0,0.0,0.96,open,False,open:0.96
173,13,riverbend_roofward,0.96,0.0,0.036137,0.055,0.0,0.96,open,False,open:0.96
174,13,roofward_archive,0.96,0.0,0.037799,0.0,0.0,0.96,open,False,open:0.96
175,13,archive_signal,0.96,0.0,0.038449,0.0,0.0,0.96,open,False,open:0.96
176,13,signal_orchard,0.96,0.09172,0.039099,0.0,0.0,0.907379,blocked watch,True,blocked watch:0.91
177,13,orchard_riverbend,0.96,0.0,0.03875,0.055,0.0,0.96,open,False,open:0.96
178,13,central_repair_ring,0.96,0.0,0.040399,0.0,0.0,0.96,open,False,open:0.96
179,13,riverbend_roofward,0.96,0.0,0.03615,0.055,0.0,0.96,open,False,open:0.96
180,13,roofward_archive,0.96,0.0,0.037812,0.0,0.0,0.96,open,False,open:0.96
181,13,archive_signal,0.96,0.0,0.038462,0.0,0.0,0.96,open,False,open:0.96
182,14,orchard_riverbend,0.96,0.0,0.038763,0.0,0.0,0.96,open,False,open:0.96
183,14,central_repair_ring,0.96,0.0,0.040412,0.0,0.0,0.96,open,False,open:0.96
184,14,riverbend_roofward,0.96,0.0,0.036163,0.055,0.0,0.96,open,False,open:0.96
185,14,roofward_archive,0.96,0.02,0.037825,0.0,0.0,0.96,open,False,open:0.96
186,14,archive_signal,0.96,0.0,0.038475,0.0,0.0,0.96,open,False,open:0.96
187,14,signal_orchard,0.907379,0.0,0.039112,0.055,0.0,0.96,open,False,open:0.96
188,14,orchard_riverbend,0.96,0.0,0.038776,0.0,0.0,0.96,open,False,open:0.96
189,14,central_repair_ring,0.96,0.0,0.040425,0.0,0.0,0.96,open,False,open:0.96
190,14,riverbend_roofward,0.96,0.0,0.036176,0.0,0.0,0.96,open,False,open:0.96
191,14,roofward_archive,0.96,0.0,0.037838,0.0,0.0,0.96,open,False,open:0.96
192,14,archive_signal,0.96,0.0,0.039487,0.0,0.0,0.96,open,False,open:0.96
193,14,signal_orchard,0.96,0.0,0.039125,0.055,0.0,0.96,open,False,open:0.96
194,14,orchard_riverbend,0.96,0.0,0.038789,0.0,0.0,0.96,open,False,open:0.96
195,14,central_repair_ring,0.96,0.0,0.040438,0.0,0.0,0.96,open,False,open:0.96
196,15,riverbend_roofward,0.96,0.0,0.036189,0.0,0.0,0.96,open,False,open:0.96
197,15,roofward_archive,0.96,0.0,0.037851,0.0,0.0,0.96,open,False,open:0.96
198,15,archive_signal,0.96,0.0,0.0395,0.055,0.0,0.96,open,False,open:0.96
199,15,signal_orchard,0.96,0.0,0.039138,0.0,0.0,0.96,open,False,open:0.96
200,15,orchard_riverbend,0.96,0.0,0.038802,0.0,0.0,0.96,open,False,open:0.96
201,15,central_repair_ring,0.96,0.0,0.040451,0.055,0.0,0.96,open,False,open:0.96
202,15,riverbend_roofward,0.96,0.0,0.036202,0.0,0.0,0.96,open,False,open:0.96
203,15,roofward_archive,0.96,0.0,0.037864,0.0,0.0,0.96,open,False,open:0.96
204,15,archive_signal,0.96,0.0,0.039513,0.0,0.0,0.96,open,False,open:0.96
205,15,signal_orchard,0.96,0.0,0.039151,0.0,0.0,0.96,open,False,open:0.96
206,15,orchard_riverbend,0.96,0.0,0.038815,0.0,0.0,0.96,open,False,open:0.96
207,15,central_repair_ring,0.96,0.0,0.040464,0.055,0.0,0.96,open,False,open:0.96
208,15,riverbend_roofward,0.96,0.0,0.036215,0.0,0.0,0.96,open,False,open:0.96
209,15,roofward_archive,0.96,0.0,0.037877,0.0,0.0,0.96,open,False,open:0.96
210,16,archive_signal,0.96,0.0,0.039526,0.0,0.0,0.96,open,False,open:0.96
211,16,signal_orchard,0.96,0.0,0.039164,0.0,0.0,0.96,open,False,open:0.96
212,16,orchard_riverbend,0.96,0.0,0.038828,0.055,0.0,0.96,open,False,open:0.96
213,16,central_repair_ring,0.96,0.02,0.040477,0.0,0.0,0.96,open,False,open:0.96
214,16,riverbend_roofward,0.96,0.0,0.036228,0.0,0.0,0.96,open,False,open:0.96
215,16,roofward_archive,0.96,0.0,0.03789,0.055,0.0,0.96,open,False,open:0.96
216,16,archive_signal,0.96,0.0,0.039539,0.0,0.0,0.96,open,False,open:0.96
217,16,signal_orchard,0.96,0.0,0.039177,0.0,0.0,0.96,open,False,open:0.96
218,16,orchard_riverbend,0.96,0.02,0.038841,0.0,0.0,0.96,open,False,open:0.96
219,16,central_repair_ring,0.96,0.0,0.04049,0.0,0.0,0.96,open,False,open:0.96
220,16,riverbend_roofward,0.96,0.0,0.03724,0.0,0.0,0.96,open,False,open:0.96
221,16,roofward_archive,0.96,0.0,0.037903,0.0,0.0,0.96,open,False,open:0.96
222,16,archive_signal,0.96,0.0,0.039552,0.0,0.0,0.96,open,False,open:0.96
223,16,signal_orchard,0.96,0.0,0.03919,0.0,0.0,0.96,open,False,open:0.96
224,17,orchard_riverbend,0.96,0.0,0.038854,0.0,0.0,0.96,open,False,open:0.96
225,17,central_repair_ring,0.96,0.0,0.040503,0.0,0.0,0.96,open,False,open:0.96
226,17,riverbend_roofward,0.96,0.0,0.037253,0.055,0.0,0.96,open,False,open:0.96
227,17,roofward_archive,0.96,0.0,0.037916,0.0,0.0,0.96,open,False,open:0.96
228,17,archive_signal,0.96,0.0,0.039565,0.0,0.0,0.96,open,False,open:0.96
229,17,signal_orchard,0.96,0.0,0.039203,0.055,0.0,0.96,open,False,open:0.96
230,17,orchard_riverbend,0.96,0.0,0.038867,0.0,0.0,0.96,open,False,open:0.96
231,17,central_repair_ring,0.96,0.0,0.040516,0.0,0.0,0.96,open,False,open:0.96
232,17,riverbend_roofward,0.96,0.0,0.037266,0.0,0.0,0.96,open,False,open:0.96
233,17,roofward_archive,0.96,0.0,0.037929,0.0,0.0,0.96,open,False,open:0.96
234,17,archive_signal,0.96,0.0,0.039578,0.0,0.0,0.96,open,False,open:0.96
235,17,signal_orchard,0.96,0.0,0.039216,0.055,0.0,0.96,open,False,open:0.96
236,17,orchard_riverbend,0.96,0.02,0.03888,0.0,0.0,0.96,open,False,open:0.96
237,17,central_repair_ring,0.96,0.0,0.040529,0.0,0.0,0.96,open,False,open:0.96
238,18,riverbend_roofward,0.96,0.0,0.038826,0.0,0.0,0.96,open,False,open:0.96
239,18,roofward_archive,0.96,0.0,0.037942,0.0,0.0,0.96,open,False,open:0.96
240,18,archive_signal,0.96,0.0,0.039591,0.055,0.0,0.96,open,False,open:0.96
241,18,signal_orchard,0.96,0.02,0.039229,0.0,0.0,0.96,open,False,open:0.96
242,18,orchard_riverbend,0.96,0.0,0.038893,0.0,0.0,0.96,open,False,open:0.96
243,18,central_repair_ring,0.96,0.0,0.040542,0.055,0.0,0.96,open,False,open:0.96
244,18,riverbend_roofward,0.96,0.0,0.038839,0.0,0.0,0.96,open,False,open:0.96
245,18,roofward_archive,0.96,0.0,0.037955,0.0,0.0,0.96,open,False,open:0.96
246,18,archive_signal,0.96,0.02,0.039604,0.0,0.0,0.96,open,False,open:0.96
247,18,signal_orchard,0.96,0.0,0.039242,0.0,0.0,0.96,open,False,open:0.96
248,18,orchard_riverbend,0.96,0.0,0.038906,0.0,0.0,0.96,open,False,open:0.96
249,18,central_repair_ring,0.96,0.0,0.042102,0.055,0.0,0.96,open,False,open:0.96
250,18,riverbend_roofward,0.96,0.0,0.038852,0.0,0.0,0.96,open,False,open:0.96
251,18,roofward_archive,0.96,0.0,0.037968,0.0,0.0,0.96,open,False,open:0.96
252,19,archive_signal,0.96,0.0,0.0,0.0,0.0,0.96,open,False,open:0.96
253,19,signal_orchard,0.96,0.0,0.039255,0.0,0.0,0.96,open,False,open:0.96
254,19,orchard_riverbend,0.96,0.0,0.038919,0.055,0.0,0.96,open,False,open:0.96
255,19,central_repair_ring,0.96,0.0,0.042115,0.0,0.0,0.96,open,False,open:0.96
256,19,riverbend_roofward,0.96,0.0,0.038865,0.0,0.0,0.96,open,False,open:0.96
257,19,roofward_archive,0.96,0.0,0.0,0.055,0.0,0.96,open,False,open:0.96
258,19,archive_signal,0.96,0.0,0.0,0.0,0.0,0.96,open,False,open:0.96
259,19,signal_orchard,0.96,0.0,0.039268,0.0,0.0,0.96,open,False,open:0.96
260,19,orchard_riverbend,0.96,0.0,0.038932,0.0,0.0,0.96,open,False,open:0.96
261,19,central_repair_ring,0.96,0.0,0.042128,0.0,0.0,0.96,open,False,open:0.96
262,19,riverbend_roofward,0.96,0.0,0.038878,0.0,0.0,0.96,open,False,open:0.96
263,19,roofward_archive,0.96,0.0,0.0,0.055,0.0,0.96,open,False,open:0.96
264,19,archive_signal,0.96,0.0,0.039643,0.0,0.0,0.96,open,False,open:0.96
265,19,signal_orchard,0.96,0.0,0.039281,0.0,0.0,0.96,open,False,open:0.96
266,20,orchard_riverbend,0.96,0.0,0.0,0.0,0.0,0.96,open,False,open:0.96
267,20,central_repair_ring,0.96,0.0,0.042141,0.0,0.0,0.96,open,False,open:0.96
268,20,riverbend_roofward,0.96,0.0,0.038891,0.055,0.0,0.96,open,False,open:0.96
269,20,roofward_archive,0.96,0.0,0.0,0.0,0.0,0.96,open,False,open:0.96
270,20,archive_signal,0.96,0.0,0.039656,0.0,0.0,0.96,open,False,open:0.96
271,20,signal_orchard,0.96,0.0,0.0,0.055,0.0,0.96,open,False,open:0.96
272,20,orchard_riverbend,0.96,0.0,0.0,0.0,0.01,0.96,open,False,open:0.96
273,20,central_repair_ring,0.96,0.0,0.042154,0.0,0.0,0.96,open,False,open:0.96
274,20,riverbend_roofward,0.96,0.0,0.038904,0.0,0.0,0.96,open,False,open:0.96
275,20,roofward_archive,0.96,0.0,0.03802,0.0,0.0,0.96,open,False,open:0.96
276,20,archive_signal,0.96,0.0,0.0,0.0,0.0,0.96,open,False,open:0.96
277,20,signal_orchard,0.96,0.0,0.0,0.055,0.0,0.96,open,False,open:0.96
278,20,orchard_riverbend,0.96,0.0,0.03997,0.0,0.0,0.96,open,False,open:0.96
279,20,central_repair_ring,0.96,0.0,0.042167,0.0,0.0,0.96,open,False,open:0.96
280,21,roofward_archive,0.96,0.0,0.0,0.0,0.0,0.96,open,False,open:0.96
281,21,archive_signal,0.96,0.0,0.039682,0.0,0.0,0.96,open,False,open:0.96
282,21,signal_orchard,0.96,0.0,0.0,0.0,0.01,0.96,open,False,open:0.96
283,21,orchard_riverbend,0.96,0.0,0.0,0.0,0.0,0.96,open,False,open:0.96
284,21,central_repair_ring,0.96,0.0,0.04218,0.0,0.0,0.96,open,False,open:0.96
285,21,riverbend_roofward,0.96,0.0,0.038917,0.0,0.0,0.96,open,False,open:0.96
286,21,roofward_archive,0.96,0.0,0.0,0.0,0.0,0.96,open,False,open:0.96
287,21,archive_signal,0.96,0.0,0.039695,0.0,0.0,0.96,open,False,open:0.96
288,21,signal_orchard,0.96,0.0,0.0,0.0,0.0,0.96,open,False,open:0.96
289,21,orchard_riverbend,0.96,0.0,0.039996,0.055,0.0,0.96,open,False,open:0.96
290,21,central_repair_ring,0.96,0.0,0.0,0.0,0.0,0.96,open,False,open:0.96
291,21,riverbend_roofward,0.96,0.0,0.03893,0.0,0.0,0.96,open,False,open:0.96
292,21,roofward_archive,0.96,0.0,0.038059,0.0,0.0,0.96,open,False,open:0.96
293,21,archive_signal,0.96,0.0,0.039708,0.0,0.0,0.96,open,False,open:0.96
294,22,signal_orchard,0.96,0.0,0.0,0.0,0.0,0.96,open,False,open:0.96
295,22,orchard_riverbend,0.96,0.0,0.040009,0.0,0.0,0.96,open,False,open:0.96
296,22,central_repair_ring,0.96,0.0,0.0,0.0,0.0,0.96,open,False,open:0.96
297,22,riverbend_roofward,0.96,0.0,0.038943,0.0,0.0,0.96,open,False,open:0.96
298,22,roofward_archive,0.96,0.0,0.038072,0.0,0.0,0.96,open,False,open:0.96
299,22,archive_signal,0.96,0.0,0.0,0.0,0.0,0.96,open,False,open:0.96
300,22,signal_orchard,0.96,0.0,0.0,0.0,0.0,0.96,open,False,open:0.96
301,22,orchard_riverbend,0.96,0.0,0.040022,0.0,0.0,0.96,open,False,open:0.96
302,22,central_repair_ring,0.96,0.0,0.0,0.0,0.0,0.96,open,False,open:0.96
303,22,riverbend_roofward,0.96,0.0,0.038956,0.055,0.0,0.96,open,False,open:0.96
304,22,roofward_archive,0.96,0.0,0.0,0.0,0.0,0.96,open,False,open:0.96
305,22,archive_signal,0.96,0.0,0.0,0.0,0.0,0.96,open,False,open:0.96
306,22,signal_orchard,0.96,0.0,0.040371,0.0,0.0,0.96,open,False,open:0.96
307,22,orchard_riverbend,0.96,0.0,0.040035,0.0,0.0,0.96,open,False,open:0.96
308,23,central_repair_ring,0.96,0.0,0.0,0.0,0.0,0.96,open,False,open:0.96
309,23,riverbend_roofward,0.96,0.0,0.038969,0.0,0.0,0.96,open,False,open:0.96
310,23,roofward_archive,0.96,0.0,0.0,0.0,0.01,0.96,open,False,open:0.96
311,23,archive_signal,0.96,0.0,0.0,0.0,0.0,0.96,open,False,open:0.96
312,23,signal_orchard,0.96,0.0,0.040384,0.0,0.0,0.96,open,False,open:0.96
313,23,orchard_riverbend,0.96,0.0,0.0,0.0,0.0,0.96,open,False,open:0.96
314,23,central_repair_ring,0.96,0.0,0.0,0.0,0.0,0.96,open,False,open:0.96
315,23,riverbend_roofward,0.96,0.0,0.038982,0.0,0.0,0.96,open,False,open:0.96
316,23,roofward_archive,0.96,0.0,0.0,0.0,0.0,0.96,open,False,open:0.96
317,23,archive_signal,0.96,0.0,0.03976,0.055,0.0,0.96,open,False,open:0.96
318,23,signal_orchard,0.96,0.0,0.0,0.0,0.0,0.96,open,False,open:0.96
319,23,orchard_riverbend,0.96,0.0,0.0,0.0,0.0,0.96,open,False,open:0.96
320,23,central_repair_ring,0.96,0.0,0.042258,0.0,0.0,0.96,open,False,open:0.96
321,23,riverbend_roofward,0.96,0.0,0.038995,0.0,0.0,0.96,open,False,open:0.96
322,24,roofward_archive,0.96,0.0,0.0,0.0,0.0,0.96,open,False,open:0.96
323,24,archive_signal,0.96,0.0,0.039773,0.0,0.0,0.96,open,False,open:0.96
324,24,signal_orchard,0.96,0.0,0.0,0.0,0.0,0.96,open,False,open:0.96
325,24,orchard_riverbend,0.96,0.0,0.0,0.0,0.0,0.96,open,False,open:0.96
326,24,central_repair_ring,0.96,0.0,0.042271,0.0,0.0,0.96,open,False,open:0.96
327,24,riverbend_roofward,0.96,0.0,0.0,0.0,0.0,0.96,open,False,open:0.96
328,24,roofward_archive,0.96,0.0,0.0,0.0,0.0,0.96,open,False,open:0.96
329,24,archive_signal,0.96,0.0,0.039786,0.0,0.0,0.96,open,False,open:0.96
330,24,signal_orchard,0.96,0.0,0.0,0.0,0.0,0.96,open,False,open:0.96
331,24,orchard_riverbend,0.96,0.0,0.040087,0.055,0.0,0.96,open,False,open:0.96
332,24,central_repair_ring,0.96,0.0,0.0,0.0,0.0,0.96,open,False,open:0.96
333,24,riverbend_roofward,0.96,0.0,0.0,0.0,0.0,0.96,open,False,open:0.96
334,24,roofward_archive,0.96,0.0,0.039149,0.0,0.0,0.96,open,False,open:0.96
335,24,archive_signal,0.96,0.0,0.039799,0.0,0.0,0.96,open,False,open:0.96
336,25,signal_orchard,0.96,0.0,0.0,0.0,0.0,0.96,open,False,open:0.96
337,25,orchard_riverbend,0.96,0.0,0.0401,0.0,0.0,0.96,open,False,open:0.96
338,25,central_repair_ring,0.96,0.0,0.0,0.0,0.0,0.96,open,False,open:0.96
339,25,riverbend_roofward,0.96,0.0,0.0,0.0,0.0,0.96,open,False,open:0.96
340,25,roofward_archive,0.96,0.0,0.039162,0.0,0.0,0.96,open,False,open:0.96
341,25,archive_signal,0.96,0.0,0.0,0.0,0.0,0.96,open,False,open:0.96
342,25,signal_orchard,0.96,0.0,0.0,0.0,0.0,0.96,open,False,open:0.96
343,25,orchard_riverbend,0.96,0.0,0.040113,0.0,0.0,0.96,open,False,open:0.96
344,25,central_repair_ring,0.96,0.0,0.0,0.0,0.0,0.96,open,False,open:0.96
345,25,riverbend_roofward,0.96,0.0,0.039047,0.055,0.0,0.96,open,False,open:0.96
346,25,roofward_archive,0.96,0.0,0.0,0.0,0.0,0.96,open,False,open:0.96
347,25,archive_signal,0.96,0.0,0.0,0.0,0.0,0.96,open,False,open:0.96
348,25,signal_orchard,0.96,0.0,0.040462,0.0,0.0,0.96,open,False,open:0.96
349,25,orchard_riverbend,0.96,0.0,0.040126,0.0,0.0,0.96,open,False,open:0.96
350,26,central_repair_ring,0.96,0.0,0.0,0.0,0.0,0.96,open,False,open:0.96
351,26,riverbend_roofward,0.96,0.0,0.03906,0.0,0.0,0.96,open,False,open:0.96
352,26,roofward_archive,0.96,0.0,0.0,0.0,0.0,0.96,open,False,open:0.96
353,26,archive_signal,0.96,0.0,0.0,0.0,0.0,0.96,open,False,open:0.96
354,26,signal_orchard,0.96,0.0,0.040475,0.0,0.0,0.96,open,False,open:0.96
355,26,orchard_riverbend,0.96,0.0,0.0,0.0,0.0,0.96,open,False,open:0.96
356,26,central_repair_ring,0.96,0.0,0.0,0.0,0.0,0.96,open,False,open:0.96
357,26,riverbend_roofward,0.96,0.0,0.039073,0.0,0.0,0.96,open,False,open:0.96
358,26,roofward_archive,0.96,0.0,0.0,0.0,0.0,0.96,open,False,open:0.96
359,26,archive_signal,0.96,0.0,0.039851,0.055,0.0,0.96,open,False,open:0.96
360,26,signal_orchard,0.96,0.0,0.0,0.0,0.0,0.96,open,False,open:0.96
361,26,orchard_riverbend,0.96,0.0,0.0,0.0,0.0,0.96,open,False,open:0.96
362,26,central_repair_ring,0.96,0.0,0.042349,0.0,0.0,0.96,open,False,open:0.96
363,26,riverbend_roofward,0.96,0.0,0.039086,0.0,0.0,0.96,open,False,open:0.96
364,27,roofward_archive,0.96,0.0,0.0,0.0,0.0,0.96,open,False,open:0.96
365,27,archive_signal,0.96,0.0,0.039864,0.0,0.0,0.96,open,False,open:0.96
366,27,signal_orchard,0.96,0.0,0.0,0.0,0.0,0.96,open,False,open:0.96
367,27,orchard_riverbend,0.96,0.0,0.0,0.0,0.0,0.96,open,False,open:0.96
368,27,central_repair_ring,0.96,0.0,0.042362,0.0,0.0,0.96,open,False,open:0.96
369,27,riverbend_roofward,0.96,0.0,0.0,0.0,0.0,0.96,open,False,open:0.96
370,27,roofward_archive,0.96,0.0,0.0,0.0,0.0,0.96,open,False,open:0.96
371,27,archive_signal,0.96,0.0,0.039877,0.0,0.0,0.96,open,False,open:0.96
372,27,signal_orchard,0.96,0.0,0.0,0.0,0.0,0.96,open,False,open:0.96
373,27,orchard_riverbend,0.96,0.0,0.040178,0.055,0.0,0.96,open,False,open:0.96
374,27,central_repair_ring,0.96,0.0,0.0,0.0,0.01,0.96,open,False,open:0.96
375,27,riverbend_roofward,0.96,0.0,0.0,0.0,0.0,0.96,open,False,open:0.96
376,27,roofward_archive,0.96,0.0,0.03924,0.0,0.0,0.96,open,False,open:0.96
377,27,archive_signal,0.96,0.0,0.03989,0.0,0.0,0.96,open,False,open:0.96
378,28,orchard_riverbend,0.96,0.0,0.0,0.0,0.0,0.96,open,False,open:0.96
379,28,central_repair_ring,0.96,0.0,0.043387,0.0,0.0,0.96,open,False,open:0.96
380,28,riverbend_roofward,0.96,0.0,0.0,0.055,0.0,0.96,open,False,open:0.96
381,28,roofward_archive,0.96,0.0,0.0,0.0,0.0,0.96,open,False,open:0.96
382,28,archive_signal,0.96,0.0,0.039903,0.0,0.0,0.96,open,False,open:0.96
383,28,signal_orchard,0.96,0.0,0.0,0.055,0.0,0.96,open,False,open:0.96
384,28,orchard_riverbend,0.96,0.0,0.0,0.0,0.01,0.96,open,False,open:0.96
385,28,central_repair_ring,0.96,0.0,0.0434,0.0,0.0,0.96,open,False,open:0.96
386,28,riverbend_roofward,0.96,0.0,0.0,0.0,0.0,0.96,open,False,open:0.96
387,28,roofward_archive,0.96,0.0,0.039266,0.055,0.0,0.96,open,False,open:0.96
388,28,archive_signal,0.96,0.0,0.0,0.0,0.0,0.96,open,False,open:0.96
389,28,signal_orchard,0.96,0.0,0.0,0.055,0.0,0.96,open,False,open:0.96
390,28,orchard_riverbend,0.96,0.0,0.041216,0.0,0.0,0.96,open,False,open:0.96
391,28,central_repair_ring,0.96,0.0,0.043413,0.0,0.0,0.96,open,False,open:0.96
392,29,riverbend_roofward,0.96,0.0,0.0,0.0,0.0,0.96,open,False,open:0.96
393,29,roofward_archive,0.96,0.0,0.039279,0.0,0.0,0.96,open,False,open:0.96
394,29,archive_signal,0.96,0.0,0.0,0.055,0.0,0.96,open,False,open:0.96
395,29,signal_orchard,0.96,0.0,0.0,0.0,0.0,0.96,open,False,open:0.96
396,29,orchard_riverbend,0.96,0.0,0.041229,0.0,0.0,0.96,open,False,open:0.96
397,29,central_repair_ring,0.96,0.0,0.0,0.055,0.0,0.96,open,False,open:0.96
398,29,riverbend_roofward,0.96,0.0,0.0,0.0,0.0,0.96,open,False,open:0.96
399,29,roofward_archive,0.96,0.0,0.039292,0.0,0.0,0.96,open,False,open:0.96
400,29,archive_signal,0.96,0.0,0.039942,0.0,0.0,0.96,open,False,open:0.96
401,29,signal_orchard,0.96,0.0,0.040566,0.055,0.0,0.96,open,False,open:0.96
402,29,orchard_riverbend,0.96,0.0,0.0,0.0,0.0,0.96,open,False,open:0.96
403,29,central_repair_ring,0.96,0.0,0.0,0.0,0.0,0.96,open,False,open:0.96
404,29,riverbend_roofward,0.96,0.0,0.039177,0.0,0.0,0.96,open,False,open:0.96
405,29,roofward_archive,0.96,0.0,0.039305,0.0,0.0,0.96,open,False,open:0.96
406,30,archive_signal,0.96,0.0,0.0,0.0,0.0,0.96,open,False,open:0.96
407,30,signal_orchard,0.96,0.0,0.040579,0.0,0.0,0.96,open,False,open:0.96
408,30,orchard_riverbend,0.96,0.0,0.0,0.055,0.0,0.96,open,False,open:0.96
409,30,central_repair_ring,0.96,0.0,0.0,0.0,0.0,0.96,open,False,open:0.96
410,30,riverbend_roofward,0.96,0.0,0.03919,0.0,0.0,0.96,open,False,open:0.96
411,30,roofward_archive,0.96,0.0,0.0,0.055,0.0,0.96,open,False,open:0.96
412,30,archive_signal,0.96,0.0,0.0,0.0,0.01,0.96,open,False,open:0.96
413,30,signal_orchard,0.96,0.0,0.042178,0.0,0.0,0.96,open,False,open:0.96
414,30,orchard_riverbend,0.96,0.0,0.0,0.0,0.0,0.96,open,False,open:0.96
415,30,central_repair_ring,0.96,0.0,0.043465,0.055,0.0,0.96,open,False,open:0.96
416,30,riverbend_roofward,0.96,0.0,0.0,0.0,0.0,0.96,open,False,open:0.96
417,30,roofward_archive,0.96,0.0,0.0,0.055,0.0,0.96,open,False,open:0.96
418,30,archive_signal,0.96,0.0,0.04098,0.0,0.0,0.96,open,False,open:0.96
419,30,signal_orchard,0.96,0.0,0.042191,0.0,0.0,0.96,open,False,open:0.96
420,31,orchard_riverbend,0.96,0.0,0.0,0.0,0.0,0.96,open,False,open:0.96
421,31,central_repair_ring,0.96,0.0,0.043478,0.0,0.0,0.96,open,False,open:0.96
422,31,riverbend_roofward,0.96,0.0,0.0,0.055,0.0,0.96,open,False,open:0.96
423,31,roofward_archive,0.96,0.0,0.0,0.0,0.0,0.96,open,False,open:0.96
424,31,archive_signal,0.96,0.0,0.040993,0.0,0.0,0.96,open,False,open:0.96
425,31,signal_orchard,0.96,0.0,0.0,0.055,0.0,0.96,open,False,open:0.96
426,31,orchard_riverbend,0.96,0.0,0.0,0.0,0.0,0.96,open,False,open:0.96
427,31,central_repair_ring,0.96,0.0,0.043491,0.0,0.0,0.96,open,False,open:0.96
428,31,riverbend_roofward,0.96,0.0,0.0,0.0,0.0,0.96,open,False,open:0.96
429,31,roofward_archive,0.96,0.0,0.039357,0.0,0.0,0.96,open,False,open:0.96
430,31,archive_signal,0.96,0.0,0.0,0.0,0.0,0.96,open,False,open:0.96
431,31,signal_orchard,0.96,0.0,0.0,0.055,0.0,0.96,open,False,open:0.96
432,31,orchard_riverbend,0.96,0.0,0.042893,0.0,0.0,0.96,open,False,open:0.96
433,31,central_repair_ring,0.96,0.0,0.043504,0.0,0.0,0.96,open,False,open:0.96
434,32,riverbend_roofward,0.96,0.0,0.0,0.0,0.0,0.96,open,False,open:0.96
435,32,roofward_archive,0.96,0.0,0.03937,0.0,0.0,0.96,open,False,open:0.96
436,32,archive_signal,0.96,0.0,0.0,0.055,0.0,0.96,open,False,open:0.96
437,32,signal_orchard,0.96,0.0,0.0,0.0,0.0,0.96,open,False,open:0.96
438,32,orchard_riverbend,0.96,0.0,0.042906,0.0,0.0,0.96,open,False,open:0.96
439,32,central_repair_ring,0.96,0.0,0.0,0.055,0.0,0.96,open,False,open:0.96
440,32,riverbend_roofward,0.96,0.0,0.0,0.0,0.01,0.96,open,False,open:0.96
441,32,roofward_archive,0.96,0.0,0.039383,0.0,0.0,0.96,open,False,open:0.96
442,32,archive_signal,0.96,0.0,0.0,0.0,0.0,0.96,open,False,open:0.96
443,32,signal_orchard,0.96,0.0,0.042243,0.055,0.0,0.96,open,False,open:0.96
444,32,orchard_riverbend,0.96,0.0,0.0,0.0,0.0,0.96,open,False,open:0.96
445,32,central_repair_ring,0.96,0.0,0.0,0.055,0.0,0.96,open,False,open:0.96
446,32,riverbend_roofward,0.96,0.0,0.040267,0.0,0.0,0.96,open,False,open:0.96
447,32,roofward_archive,0.96,0.0,0.039396,0.0,0.0,0.96,open,False,open:0.96
448,33,archive_signal,0.96,0.0,0.0,0.0,0.0,0.96,open,False,open:0.96
449,33,signal_orchard,0.96,0.0,0.042256,0.0,0.0,0.96,open,False,open:0.96
450,33,orchard_riverbend,0.96,0.0,0.0,0.055,0.0,0.96,open,False,open:0.96
451,33,central_repair_ring,0.96,0.0,0.0,0.0,0.0,0.96,open,False,open:0.96
452,33,riverbend_roofward,0.96,0.0,0.04028,0.0,0.0,0.96,open,False,open:0.96
453,33,roofward_archive,0.96,0.0,0.0,0.055,0.0,0.96,open,False,open:0.96
454,33,archive_signal,0.96,0.0,0.0,0.0,0.0,0.96,open,False,open:0.96
455,33,signal_orchard,0.96,0.0,0.042269,0.0,0.0,0.96,open,False,open:0.96
456,33,orchard_riverbend,0.96,0.0,0.0,0.0,0.0,0.96,open,False,open:0.96
457,33,central_repair_ring,0.96,0.0,0.043556,0.055,0.0,0.96,open,False,open:0.96
458,33,riverbend_roofward,0.96,0.0,0.0,0.0,0.0,0.96,open,False,open:0.96
459,33,roofward_archive,0.96,0.0,0.0,0.055,0.0,0.96,open,False,open:0.96
460,33,archive_signal,0.96,0.0,0.041071,0.0,0.0,0.96,open,False,open:0.96
461,33,signal_orchard,0.96,0.0,0.042282,0.0,0.0,0.96,open,False,open:0.96
462,34,orchard_riverbend,0.96,0.0,0.0,0.0,0.0,0.96,open,False,open:0.96
463,34,central_repair_ring,0.96,0.0,0.043569,0.0,0.0,0.96,open,False,open:0.96
464,34,riverbend_roofward,0.96,0.0,0.0,0.055,0.0,0.96,open,False,open:0.96
465,34,roofward_archive,0.96,0.0,0.0,0.0,0.0,0.96,open,False,open:0.96
466,34,archive_signal,0.96,0.0,0.041084,0.0,0.0,0.96,open,False,open:0.96
467,34,signal_orchard,0.96,0.0,0.0,0.055,0.0,0.96,open,False,open:0.96
468,34,orchard_riverbend,0.96,0.0,0.0,0.0,0.0,0.96,open,False,open:0.96
469,34,central_repair_ring,0.96,0.0,0.043582,0.0,0.0,0.96,open,False,open:0.96
470,34,riverbend_roofward,0.96,0.0,0.0,0.0,0.0,0.96,open,False,open:0.96
471,34,roofward_archive,0.96,0.0,0.039448,0.055,0.0,0.96,open,False,open:0.96
472,34,archive_signal,0.96,0.0,0.0,0.0,0.0,0.96,open,False,open:0.96
473,34,signal_orchard,0.96,0.0,0.0,0.055,0.0,0.96,open,False,open:0.96
474,34,orchard_riverbend,0.96,0.0,0.042984,0.0,0.0,0.96,open,False,open:0.96
475,34,central_repair_ring,0.96,0.0,0.043595,0.0,0.0,0.96,open,False,open:0.96
476,35,roofward_archive,0.96,0.0,0.0,0.0,0.0,0.96,open,False,open:0.96
477,35,archive_signal,0.96,0.0,0.04111,0.0,0.0,0.96,open,False,open:0.96
478,35,signal_orchard,0.96,0.0,0.0,0.055,0.0,0.96,open,False,open:0.96
479,35,orchard_riverbend,0.96,0.0,0.0,0.0,0.0,0.96,open,False,open:0.96
480,35,central_repair_ring,0.96,0.0,0.043608,0.0,0.0,0.96,open,False,open:0.96
481,35,riverbend_roofward,0.96,0.0,0.0,0.0,0.0,0.96,open,False,open:0.96
482,35,roofward_archive,0.96,0.0,0.0,0.0,0.0,0.96,open,False,open:0.96
483,35,archive_signal,0.96,0.0,0.041123,0.0,0.0,0.96,open,False,open:0.96
484,35,signal_orchard,0.96,0.0,0.0,0.0,0.0,0.96,open,False,open:0.96
485,35,orchard_riverbend,0.96,0.0,0.04301,0.0,0.0,0.96,open,False,open:0.96
486,35,central_repair_ring,0.96,0.0,0.0,0.0,0.01,0.96,open,False,open:0.96
487,35,riverbend_roofward,0.96,0.0,0.0,0.055,0.0,0.96,open,False,open:0.96
488,35,roofward_archive,0.96,0.0,0.039487,0.0,0.0,0.96,open,False,open:0.96
489,35,archive_signal,0.96,0.0,0.041136,0.0,0.0,0.96,open,False,open:0.96
490,36,signal_orchard,0.96,0.0,0.0,0.0,0.0,0.96,open,False,open:0.96
491,36,orchard_riverbend,0.96,0.0,0.043023,0.0,0.0,0.96,open,False,open:0.96
492,36,central_repair_ring,0.96,0.0,0.0,0.055,0.0,0.96,open,False,open:0.96
493,36,riverbend_roofward,0.96,0.0,0.040358,0.0,0.0,0.96,open,False,open:0.96
494,36,roofward_archive,0.96,0.0,0.0395,0.0,0.0,0.96,open,False,open:0.96
495,36,archive_signal,0.96,0.0,0.0,0.055,0.0,0.96,open,False,open:0.96
496,36,signal_orchard,0.96,0.0,0.0,0.0,0.0,0.96,open,False,open:0.96
497,36,orchard_riverbend,0.96,0.0,0.043036,0.0,0.0,0.96,open,False,open:0.96
498,36,central_repair_ring,0.96,0.0,0.0,0.0,0.0,0.96,open,False,open:0.96
499,36,riverbend_roofward,0.96,0.0,0.040371,0.0,0.0,0.96,open,False,open:0.96
500,36,roofward_archive,0.96,0.0,0.0,0.0,0.0,0.96,open,False,open:0.96
501,36,archive_signal,0.96,0.0,0.0,0.055,0.0,0.96,open,False,open:0.96
502,36,signal_orchard,0.96,0.0,0.042373,0.0,0.0,0.96,open,False,open:0.96
503,36,orchard_riverbend,0.96,0.0,0.043049,0.0,0.0,0.96,open,False,open:0.96
504,37,central_repair_ring,0.96,0.0,0.0,0.0,0.0,0.96,open,False,open:0.96
505,37,riverbend_roofward,0.96,0.0,0.040384,0.0,0.0,0.96,open,False,open:0.96
506,37,roofward_archive,0.96,0.0,0.0,0.055,0.0,0.96,open,False,open:0.96
507,37,archive_signal,0.96,0.0,0.0,0.0,0.0,0.96,open,False,open:0.96
508,37,signal_orchard,0.96,0.0,0.042386,0.0,0.0,0.96,open,False,open:0.96
509,37,orchard_riverbend,0.96,0.0,0.0,0.055,0.0,0.96,open,False,open:0.96
510,37,central_repair_ring,0.96,0.0,0.0,0.0,0.0,0.96,open,False,open:0.96
511,37,riverbend_roofward,0.96,0.0,0.040397,0.0,0.0,0.96,open,False,open:0.96
512,37,roofward_archive,0.96,0.0,0.039539,0.0,0.0,0.96,open,False,open:0.96
513,37,archive_signal,0.96,0.0,0.041188,0.0,0.0,0.96,open,False,open:0.96
514,37,signal_orchard,0.96,0.0,0.0,0.0,0.01,0.96,open,False,open:0.96
515,37,orchard_riverbend,0.96,0.0,0.0,0.055,0.0,0.96,open,False,open:0.96
516,37,central_repair_ring,0.96,0.08992,0.044445,0.0,0.0,0.914525,blocked watch,True,blocked watch:0.91
517,37,riverbend_roofward,0.96,0.0,0.04041,0.0,0.0,0.96,open,False,open:0.96
518,38,roofward_archive,0.96,0.0,0.039552,0.0,0.0,0.96,open,False,open:0.96
519,38,archive_signal,0.96,0.0,0.041201,0.0,0.0,0.96,open,False,open:0.96
520,38,signal_orchard,0.96,0.0,0.0,0.0,0.0,0.96,open,False,open:0.96
521,38,orchard_riverbend,0.96,0.0,0.0,0.0,0.0,0.96,open,False,open:0.96
522,38,central_repair_ring,0.914525,0.0,0.044458,0.0,0.0,0.958983,open,False,open:0.96
523,38,riverbend_roofward,0.96,0.0,0.040423,0.055,0.0,0.96,open,False,open:0.96
524,38,roofward_archive,0.96,0.0,0.039565,0.0,0.0,0.96,open,False,open:0.96
525,38,archive_signal,0.96,0.0,0.041214,0.0,0.0,0.96,open,False,open:0.96
526,38,signal_orchard,0.96,0.08992,0.0,0.0,0.0,0.87008,blocked watch,True,blocked watch:0.87
527,38,orchard_riverbend,0.96,0.0,0.043101,0.0,0.0,0.96,open,False,open:0.96
528,38,central_repair_ring,0.958983,0.0,0.0,0.0,0.0,0.958983,open,False,open:0.96
529,38,riverbend_roofward,0.96,0.0,0.040436,0.055,0.0,0.96,open,False,open:0.96
530,38,roofward_archive,0.96,0.0,0.039578,0.0,0.0,0.96,open,False,open:0.96
531,38,archive_signal,0.96,0.0,0.041227,0.0,0.0,0.96,open,False,open:0.96
532,39,signal_orchard,0.87008,0.0,0.0,0.0,0.0,0.87008,open,False,open:0.87
533,39,orchard_riverbend,0.96,0.0,0.043114,0.0,0.0,0.96,open,False,open:0.96
534,39,central_repair_ring,0.958983,0.0,0.0,0.055,0.0,0.96,open,False,open:0.96
535,39,riverbend_roofward,0.96,0.0,0.040449,0.0,0.0,0.96,open,False,open:0.96
536,39,roofward_archive,0.96,0.0,0.039591,0.0,0.0,0.96,open,False,open:0.96
537,39,archive_signal,0.96,0.0,0.04124,0.055,0.0,0.96,open,False,open:0.96
538,39,signal_orchard,0.87008,0.0,0.04321,0.0,0.0,0.91329,open,False,open:0.91
539,39,orchard_riverbend,0.96,0.0,0.043127,0.0,0.0,0.96,open,False,open:0.96
540,39,central_repair_ring,0.96,0.0,0.0,0.0,0.0,0.96,open,False,open:0.96
541,39,riverbend_roofward,0.96,0.0,0.040462,0.0,0.0,0.96,open,False,open:0.96
542,39,roofward_archive,0.96,0.0,0.040603,0.0,0.01,0.96,open,False,open:0.96
543,39,archive_signal,0.96,0.0,0.041253,0.055,0.0,0.96,open,False,open:0.96
544,39,signal_orchard,0.91329,0.02,0.043223,0.0,0.0,0.936513,open,False,open:0.94
545,39,orchard_riverbend,0.96,0.0,0.04314,0.0,0.0,0.96,open,False,open:0.96
546,40,central_repair_ring,0.96,0.0,0.0,0.0,0.0,0.96,open,False,open:0.96
547,40,riverbend_roofward,0.96,0.0,0.040475,0.0,0.0,0.96,open,False,open:0.96
548,40,roofward_archive,0.96,0.0,0.040616,0.055,0.0,0.96,open,False,open:0.96
549,40,archive_signal,0.96,0.0,0.041266,0.0,0.0,0.96,open,False,open:0.96
550,40,signal_orchard,0.936513,0.0,0.043236,0.0,0.0,0.96,open,False,open:0.96
551,40,orchard_riverbend,0.96,0.0,0.043153,0.055,0.0,0.96,open,False,open:0.96
552,40,central_repair_ring,0.96,0.0,0.0,0.0,0.0,0.96,open,False,open:0.96
553,40,riverbend_roofward,0.96,0.0,0.040488,0.0,0.0,0.96,open,False,open:0.96
554,40,roofward_archive,0.96,0.02,0.040629,0.0,0.0,0.96,open,False,open:0.96
555,40,archive_signal,0.96,0.0,0.041279,0.0,0.0,0.96,open,False,open:0.96
556,40,signal_orchard,0.96,0.0,0.043249,0.0,0.0,0.96,open,False,open:0.96
557,40,orchard_riverbend,0.96,0.0,0.0,0.055,0.0,0.96,open,False,open:0.96
558,40,central_repair_ring,0.96,0.0,0.044536,0.0,0.0,0.96,open,False,open:0.96
559,40,riverbend_roofward,0.96,0.0,0.040501,0.0,0.0,0.96,open,False,open:0.96
560,41,roofward_archive,0.96,0.0,0.040642,0.0,0.0,0.96,open,False,open:0.96
561,41,archive_signal,0.96,0.0,0.041292,0.0,0.0,0.96,open,False,open:0.96
562,41,signal_orchard,0.96,0.0,0.043262,0.055,0.0,0.96,open,False,open:0.96
563,41,orchard_riverbend,0.96,0.06812,0.0,0.0,0.0,0.89188,blocked watch,True,blocked watch:0.89
564,41,central_repair_ring,0.96,0.0,0.044549,0.0,0.0,0.96,open,False,open:0.96
565,41,riverbend_roofward,0.96,0.0,0.040514,0.055,0.0,0.96,open,False,open:0.96
566,41,roofward_archive,0.96,0.0,0.040655,0.0,0.0,0.96,open,False,open:0.96
567,41,archive_signal,0.96,0.0,0.041305,0.0,0.0,0.96,open,False,open:0.96
568,41,signal_orchard,0.96,0.0,0.043275,0.0,0.0,0.96,open,False,open:0.96
569,41,orchard_riverbend,0.89188,0.0,0.043192,0.0,0.0,0.935072,open,False,open:0.94
570,41,central_repair_ring,0.96,0.0,0.0,0.0,0.0,0.96,open,False,open:0.96
571,41,riverbend_roofward,0.96,0.0,0.040527,0.055,0.0,0.96,open,False,open:0.96
572,41,roofward_archive,0.96,0.08992,0.040668,0.0,0.0,0.910748,blocked watch,True,blocked watch:0.91
573,41,archive_signal,0.96,0.0,0.041318,0.0,0.0,0.96,open,False,open:0.96
574,42,orchard_riverbend,0.935072,0.0,0.0,0.0,0.0,0.935072,open,False,open:0.94
575,42,central_repair_ring,0.96,0.0,0.044575,0.0,0.0,0.96,open,False,open:0.96
576,42,riverbend_roofward,0.96,0.0,0.04054,0.0,0.0,0.96,open,False,open:0.96
577,42,roofward_archive,0.910748,0.0,0.042306,0.0,0.0,0.953054,open,False,open:0.95
578,42,archive_signal,0.96,0.0,0.042956,0.0,0.0,0.96,open,False,open:0.96
579,42,signal_orchard,0.96,0.0,0.043288,0.0,0.0,0.96,open,False,open:0.96
580,42,orchard_riverbend,0.935072,0.0,0.0,0.0,0.0,0.935072,open,False,open:0.94
581,42,central_repair_ring,0.96,0.0,0.044588,0.0,0.0,0.96,open,False,open:0.96
582,42,riverbend_roofward,0.96,0.0,0.040553,0.0,0.0,0.96,open,False,open:0.96
583,42,roofward_archive,0.953054,0.0,0.042319,0.055,0.0,0.96,open,False,open:0.96
584,42,archive_signal,0.96,0.0,0.0,0.0,0.0,0.96,open,False,open:0.96
585,42,signal_orchard,0.96,0.0,0.043301,0.0,0.0,0.96,open,False,open:0.96
586,42,orchard_riverbend,0.935072,0.068195,0.043231,0.0,0.0,0.910108,blocked watch,True,blocked watch:0.91
587,42,central_repair_ring,0.96,0.0,0.044601,0.0,0.0,0.96,open,False,open:0.96
588,43,riverbend_roofward,0.96,0.0,0.040566,0.0,0.0,0.96,open,False,open:0.96
589,43,roofward_archive,0.96,0.0,0.042332,0.0,0.0,0.96,open,False,open:0.96
590,43,archive_signal,0.96,0.0,0.0,0.0,0.0,0.96,open,False,open:0.96
591,43,signal_orchard,0.96,0.02,0.043314,0.0,0.0,0.96,open,False,open:0.96
592,43,orchard_riverbend,0.910108,0.0,0.043244,0.0,0.0,0.953352,open,False,open:0.95
593,43,central_repair_ring,0.96,0.0,0.044614,0.0,0.0,0.96,open,False,open:0.96
594,43,riverbend_roofward,0.96,0.0,0.040579,0.0,0.0,0.96,open,False,open:0.96
595,43,roofward_archive,0.96,0.0,0.042345,0.0,0.0,0.96,open,False,open:0.96
596,43,archive_signal,0.96,0.06812,0.0,0.0,0.0,0.89188,blocked watch,True,blocked watch:0.89
597,43,signal_orchard,0.96,0.0,0.043327,0.055,0.0,0.96,open,False,open:0.96
598,43,orchard_riverbend,0.953352,0.0,0.0,0.0,0.0,0.953352,open,False,open:0.95
599,43,central_repair_ring,0.96,0.0,0.044627,0.0,0.0,0.96,open,False,open:0.96
600,43,riverbend_roofward,0.96,0.0,0.040592,0.0,0.0,0.96,open,False,open:0.96
601,43,roofward_archive,0.96,0.0,0.042358,0.0,0.0,0.96,open,False,open:0.96
602,44,archive_signal,0.89188,0.0,0.0,0.0,0.0,0.89188,open,False,open:0.89
603,44,signal_orchard,0.96,0.0,0.04334,0.0,0.0,0.96,open,False,open:0.96
604,44,orchard_riverbend,0.953352,0.0,0.0,0.0,0.01,0.96,open,False,open:0.96
605,44,central_repair_ring,0.96,0.0,0.04464,0.0,0.0,0.96,open,False,open:0.96
606,44,riverbend_roofward,0.96,0.0,0.040605,0.0,0.0,0.96,open,False,open:0.96
607,44,roofward_archive,0.96,0.0,0.0,0.0,0.0,0.96,open,False,open:0.96
608,44,archive_signal,0.89188,0.0,0.0,0.0,0.0,0.89188,open,False,open:0.89
609,44,signal_orchard,0.96,0.0,0.043353,0.0,0.0,0.96,open,False,open:0.96
610,44,orchard_riverbend,0.96,0.0,0.0,0.0,0.0,0.96,open,False,open:0.96
611,44,central_repair_ring,0.96,0.0,0.044653,0.0,0.0,0.96,open,False,open:0.96
612,44,riverbend_roofward,0.96,0.0,0.040618,0.0,0.0,0.96,open,False,open:0.96
613,44,roofward_archive,0.96,0.0,0.0,0.0,0.0,0.96,open,False,open:0.96
614,44,archive_signal,0.89188,0.068324,0.043034,0.0,0.0,0.86659,blocked watch,True,blocked watch:0.87
615,44,signal_orchard,0.96,0.0,0.043366,0.0,0.0,0.96,open,False,open:0.96
616,45,orchard_riverbend,0.96,0.0,0.044055,0.0,0.0,0.96,open,False,open:0.96
617,45,central_repair_ring,0.96,0.0,0.044666,0.0,0.0,0.96,open,False,open:0.96
618,45,riverbend_roofward,0.96,0.0,0.040631,0.0,0.0,0.96,open,False,open:0.96
619,45,roofward_archive,0.96,0.08992,0.0,0.0,0.0,0.87008,blocked watch,True,blocked watch:0.87
620,45,archive_signal,0.86659,0.0,0.043047,0.0,0.0,0.909637,open,False,open:0.91
621,45,signal_orchard,0.96,0.0,0.043379,0.0,0.0,0.96,open,False,open:0.96
622,45,orchard_riverbend,0.96,0.0,0.044068,0.0,0.0,0.96,open,False,open:0.96
623,45,central_repair_ring,0.96,0.0,0.044679,0.0,0.0,0.96,open,False,open:0.96
624,45,riverbend_roofward,0.96,0.0,0.040644,0.0,0.0,0.96,open,False,open:0.96
625,45,roofward_archive,0.87008,0.0,0.04241,0.055,0.0,0.96,open,False,open:0.96
626,45,archive_signal,0.909637,0.0,0.0,0.0,0.0,0.909637,open,False,open:0.91
627,45,signal_orchard,0.96,0.0,0.043392,0.0,0.0,0.96,open,False,open:0.96
628,45,orchard_riverbend,0.96,0.0,0.044081,0.0,0.0,0.96,open,False,open:0.96
629,45,central_repair_ring,0.96,0.0,0.044692,0.0,0.0,0.96,open,False,open:0.96
630,46,riverbend_roofward,0.96,0.0,0.0,0.0,0.0,0.96,open,False,open:0.96
631,46,roofward_archive,0.96,0.0,0.042423,0.0,0.0,0.96,open,False,open:0.96
632,46,archive_signal,0.909637,0.0,0.0,0.0,0.01,0.919637,open,False,open:0.92
633,46,signal_orchard,0.96,0.0,0.043405,0.0,0.0,0.96,open,False,open:0.96
634,46,orchard_riverbend,0.96,0.0,0.044094,0.0,0.0,0.96,open,False,open:0.96
635,46,central_repair_ring,0.96,0.0,0.044705,0.0,0.0,0.96,open,False,open:0.96
636,46,riverbend_roofward,0.96,0.0,0.0,0.0,0.0,0.96,open,False,open:0.96
637,46,roofward_archive,0.96,0.0,0.042436,0.0,0.0,0.96,open,False,open:0.96
638,46,archive_signal,0.919637,0.0,0.0,0.0,0.0,0.919637,open,False,open:0.92
639,46,signal_orchard,0.96,0.0,0.043418,0.055,0.0,0.96,open,False,open:0.96
640,46,orchard_riverbend,0.96,0.0,0.044107,0.0,0.0,0.96,open,False,open:0.96
641,46,central_repair_ring,0.96,0.0,0.044718,0.0,0.0,0.96,open,False,open:0.96
642,46,riverbend_roofward,0.96,0.06812,0.040683,0.0,0.0,0.932563,blocked watch,True,blocked watch:0.93
643,46,roofward_archive,0.96,0.0,0.042449,0.0,0.0,0.96,open,False,open:0.96
644,47,archive_signal,0.919637,0.0,0.043858,0.0,0.0,0.96,open,False,open:0.96
645,47,signal_orchard,0.96,0.0,0.043431,0.0,0.0,0.96,open,False,open:0.96
646,47,orchard_riverbend,0.96,0.0,0.04412,0.0,0.0,0.96,open,False,open:0.96
647,47,central_repair_ring,0.96,0.0,0.044731,0.0,0.0,0.96,open,False,open:0.96
648,47,riverbend_roofward,0.932563,0.0,0.040696,0.0,0.0,0.96,open,False,open:0.96
649,47,roofward_archive,0.96,0.0,0.0,0.0,0.0,0.96,open,False,open:0.96
650,47,archive_signal,0.96,0.0,0.0,0.0,0.0,0.96,open,False,open:0.96
651,47,signal_orchard,0.96,0.0,0.043444,0.0,0.0,0.96,open,False,open:0.96
652,47,orchard_riverbend,0.96,0.02,0.044133,0.0,0.0,0.96,open,False,open:0.96
653,47,central_repair_ring,0.96,0.0,0.044744,0.055,0.0,0.96,open,False,open:0.96
654,47,riverbend_roofward,0.96,0.0,0.0,0.0,0.0,0.96,open,False,open:0.96
655,47,roofward_archive,0.96,0.0,0.0,0.0,0.0,0.96,open,False,open:0.96
656,47,archive_signal,0.96,0.0,0.043884,0.0,0.0,0.96,open,False,open:0.96
657,47,signal_orchard,0.96,0.0,0.043457,0.0,0.0,0.96,open,False,open:0.96
658,48,orchard_riverbend,0.96,0.0,0.044146,0.0,0.0,0.96,open,False,open:0.96
659,48,central_repair_ring,0.96,0.0,0.044757,0.0,0.0,0.96,open,False,open:0.96
660,48,riverbend_roofward,0.96,0.0,0.0,0.0,0.01,0.96,open,False,open:0.96
661,48,roofward_archive,0.96,0.0,0.0,0.0,0.0,0.96,open,False,open:0.96
662,48,archive_signal,0.96,0.0,0.043897,0.0,0.0,0.96,open,False,open:0.96
663,48,signal_orchard,0.96,0.0,0.0,0.0,0.0,0.96,open,False,open:0.96
664,48,orchard_riverbend,0.96,0.0,0.044159,0.0,0.0,0.96,open,False,open:0.96
665,48,central_repair_ring,0.96,0.0,0.04477,0.0,0.0,0.96,open,False,open:0.96
666,48,riverbend_roofward,0.96,0.0,0.0,0.0,0.0,0.96,open,False,open:0.96
667,48,roofward_archive,0.96,0.0,0.042501,0.055,0.0,0.96,open,False,open:0.96
668,48,archive_signal,0.96,0.0,0.04391,0.0,0.0,0.96,open,False,open:0.96
669,48,signal_orchard,0.96,0.0,0.0,0.0,0.0,0.96,open,False,open:0.96
670,48,orchard_riverbend,0.96,0.02,0.044172,0.0,0.0,0.96,open,False,open:0.96
671,48,central_repair_ring,0.96,0.0,0.044783,0.0,0.0,0.96,open,False,open:0.96
672,49,roofward_archive,0.96,0.0,0.0,0.0,0.0,0.96,open,False,open:0.96
673,49,archive_signal,0.96,0.0,0.043923,0.0,0.0,0.96,open,False,open:0.96
674,49,signal_orchard,0.96,0.0,0.0,0.055,0.0,0.96,open,False,open:0.96
675,49,orchard_riverbend,0.96,0.0,0.044185,0.0,0.0,0.96,open,False,open:0.96
676,49,central_repair_ring,0.96,0.0,0.044796,0.0,0.0,0.96,open,False,open:0.96
677,49,riverbend_roofward,0.96,0.0,0.0,0.055,0.0,0.96,open,False,open:0.96
678,49,roofward_archive,0.96,0.0,0.0,0.0,0.0,0.96,open,False,open:0.96
679,49,archive_signal,0.96,0.0,0.043936,0.0,0.0,0.96,open,False,open:0.96
680,49,signal_orchard,0.96,0.0,0.0,0.0,0.0,0.96,open,False,open:0.96
681,49,orchard_riverbend,0.96,0.0,0.044198,0.055,0.0,0.96,open,False,open:0.96
682,49,central_repair_ring,0.96,0.0,0.0,0.0,0.0,0.96,open,False,open:0.96
683,49,riverbend_roofward,0.96,0.0,0.0,0.055,0.0,0.96,open,False,open:0.96
684,49,roofward_archive,0.96,0.0,0.04254,0.0,0.0,0.96,open,False,open:0.96
685,49,archive_signal,0.96,0.0,0.043949,0.0,0.0,0.96,open,False,open:0.96
686,50,signal_orchard,0.96,0.0,0.043522,0.0,0.0,0.96,open,False,open:0.96
687,50,orchard_riverbend,0.96,0.0,0.044211,0.0,0.0,0.96,open,False,open:0.96
688,50,central_repair_ring,0.96,0.0,0.0,0.055,0.0,0.96,open,False,open:0.96
689,50,riverbend_roofward,0.96,0.06812,0.0,0.0,0.0,0.89188,blocked watch,True,blocked watch:0.89
690,50,roofward_archive,0.96,0.0,0.042553,0.0,0.0,0.96,open,False,open:0.96
691,50,archive_signal,0.96,0.0,0.043962,0.055,0.0,0.96,open,False,open:0.96
692,50,signal_orchard,0.96,0.0,0.043535,0.0,0.0,0.96,open,False,open:0.96
693,50,orchard_riverbend,0.96,0.0,0.044224,0.0,0.0,0.96,open,False,open:0.96
694,50,central_repair_ring,0.96,0.0,0.044835,0.0,0.0,0.96,open,False,open:0.96
695,50,riverbend_roofward,0.89188,0.0,0.041786,0.055,0.0,0.96,open,False,open:0.96
696,50,roofward_archive,0.96,0.0,0.0,0.0,0.0,0.96,open,False,open:0.96
697,50,archive_signal,0.96,0.0,0.043975,0.055,0.0,0.96,open,False,open:0.96
698,50,signal_orchard,0.96,0.0,0.043548,0.0,0.0,0.96,open,False,open:0.96
699,50,orchard_riverbend,0.96,0.0,0.044237,0.0,0.0,0.96,open,False,open:0.96
700,51,central_repair_ring,0.96,0.0,0.0,0.0,0.0,0.96,open,False,open:0.96
701,51,riverbend_roofward,0.96,0.0,0.041799,0.0,0.0,0.96,open,False,open:0.96
702,51,roofward_archive,0.96,0.0,0.0,0.0,0.0,0.96,open,False,open:0.96
703,51,archive_signal,0.96,0.0,0.043988,0.0,0.0,0.96,open,False,open:0.96
704,51,signal_orchard,0.96,0.0,0.043561,0.0,0.0,0.96,open,False,open:0.96
705,51,orchard_riverbend,0.96,0.0,0.0,0.055,0.0,0.96,open,False,open:0.96
706,51,central_repair_ring,0.96,0.0,0.0,0.0,0.01,0.96,open,False,open:0.96
707,51,riverbend_roofward,0.96,0.0,0.041812,0.0,0.0,0.96,open,False,open:0.96
708,51,roofward_archive,0.96,0.0,0.0,0.0,0.0,0.96,open,False,open:0.96
709,51,archive_signal,0.96,0.0,0.044001,0.055,0.0,0.96,open,False,open:0.96
710,51,signal_orchard,0.96,0.0,0.043574,0.0,0.0,0.96,open,False,open:0.96
711,51,orchard_riverbend,0.96,0.0,0.0,0.055,0.0,0.96,open,False,open:0.96
712,51,central_repair_ring,0.96,0.06812,0.045633,0.0,0.0,0.937513,blocked watch,True,blocked watch:0.94
713,51,riverbend_roofward,0.96,0.0,0.041825,0.0,0.0,0.96,open,False,open:0.96
714,52,roofward_archive,0.96,0.0,0.042605,0.0,0.0,0.96,open,False,open:0.96
715,52,archive_signal,0.96,0.0,0.044014,0.0,0.0,0.96,open,False,open:0.96
716,52,signal_orchard,0.96,0.0,0.043587,0.055,0.0,0.96,open,False,open:0.96
717,52,orchard_riverbend,0.96,0.08992,0.0,0.0,0.0,0.87008,blocked watch,True,blocked watch:0.87
718,52,central_repair_ring,0.937513,0.0,0.045646,0.0,0.0,0.96,open,False,open:0.96
719,52,riverbend_roofward,0.96,0.0,0.041838,0.055,0.0,0.96,open,False,open:0.96
720,52,roofward_archive,0.96,0.0,0.042618,0.0,0.0,0.96,open,False,open:0.96
721,52,archive_signal,0.96,0.0,0.044027,0.0,0.0,0.96,open,False,open:0.96
722,52,signal_orchard,0.96,0.0,0.0436,0.0,0.0,0.96,open,False,open:0.96
723,52,orchard_riverbend,0.87008,0.0,0.044289,0.055,0.0,0.96,open,False,open:0.96
724,52,central_repair_ring,0.96,0.0,0.0,0.0,0.0,0.96,open,False,open:0.96
725,52,riverbend_roofward,0.96,0.0,0.041851,0.055,0.0,0.96,open,False,open:0.96
726,52,roofward_archive,0.96,0.0,0.042631,0.0,0.0,0.96,open,False,open:0.96
727,52,archive_signal,0.96,0.0,0.04404,0.0,0.0,0.96,open,False,open:0.96
728,53,signal_orchard,0.96,0.0,0.0,0.0,0.0,0.96,open,False,open:0.96
729,53,orchard_riverbend,0.96,0.0,0.044302,0.0,0.0,0.96,open,False,open:0.96
730,53,central_repair_ring,0.96,0.0,0.0,0.055,0.0,0.96,open,False,open:0.96
731,53,riverbend_roofward,0.96,0.0,0.041864,0.0,0.0,0.96,open,False,open:0.96
732,53,roofward_archive,0.96,0.0,0.042644,0.0,0.0,0.96,open,False,open:0.96
733,53,archive_signal,0.96,0.0,0.0,0.055,0.0,0.96,open,False,open:0.96
734,53,signal_orchard,0.96,0.0,0.0,0.0,0.01,0.96,open,False,open:0.96
735,53,orchard_riverbend,0.96,0.0,0.044315,0.0,0.0,0.96,open,False,open:0.96
736,53,central_repair_ring,0.96,0.0,0.0,0.0,0.0,0.96,open,False,open:0.96
737,53,riverbend_roofward,0.96,0.0,0.041877,0.055,0.0,0.96,open,False,open:0.96
738,53,roofward_archive,0.96,0.0,0.042657,0.0,0.0,0.96,open,False,open:0.96
739,53,archive_signal,0.96,0.0,0.0,0.055,0.0,0.96,open,False,open:0.96
740,53,signal_orchard,0.96,0.06812,0.044398,0.0,0.0,0.936278,blocked watch,True,blocked watch:0.94
741,53,orchard_riverbend,0.96,0.0,0.044328,0.0,0.0,0.96,open,False,open:0.96
742,54,central_repair_ring,0.96,0.0,0.045698,0.0,0.0,0.96,open,False,open:0.96
743,54,riverbend_roofward,0.96,0.0,0.043515,0.0,0.0,0.96,open,False,open:0.96
744,54,roofward_archive,0.96,0.0,0.044295,0.055,0.0,0.96,open,False,open:0.96
745,54,archive_signal,0.96,0.08992,0.0,0.0,0.0,0.87008,blocked watch,True,blocked watch:0.87
746,54,signal_orchard,0.936278,0.0,0.044411,0.0,0.0,0.96,open,False,open:0.96
747,54,orchard_riverbend,0.96,0.0,0.044341,0.055,0.0,0.96,open,False,open:0.96
748,54,central_repair_ring,0.96,0.0,0.045711,0.0,0.0,0.96,open,False,open:0.96
749,54,riverbend_roofward,0.96,0.0,0.043528,0.0,0.0,0.96,open,False,open:0.96
750,54,roofward_archive,0.96,0.0,0.044308,0.0,0.0,0.96,open,False,open:0.96
751,54,archive_signal,0.87008,0.0,0.044092,0.055,0.0,0.96,open,False,open:0.96
752,54,signal_orchard,0.96,0.0,0.0,0.0,0.0,0.96,open,False,open:0.96
753,54,orchard_riverbend,0.96,0.0,0.044354,0.055,0.0,0.96,open,False,open:0.96
754,54,central_repair_ring,0.96,0.0,0.045724,0.0,0.0,0.96,open,False,open:0.96
755,54,riverbend_roofward,0.96,0.0,0.043541,0.0,0.0,0.96,open,False,open:0.96
756,55,roofward_archive,0.96,0.0,0.044321,0.0,0.0,0.96,open,False,open:0.96
757,55,archive_signal,0.96,0.0,0.044105,0.0,0.0,0.96,open,False,open:0.96
758,55,signal_orchard,0.96,0.0,0.0,0.055,0.0,0.96,open,False,open:0.96
759,55,orchard_riverbend,0.96,0.08992,0.044367,0.0,0.0,0.914447,blocked watch,True,blocked watch:0.91
760,55,central_repair_ring,0.96,0.0,0.045737,0.0,0.0,0.96,open,False,open:0.96
761,55,riverbend_roofward,0.96,0.0,0.0,0.055,0.0,0.96,open,False,open:0.96
762,55,roofward_archive,0.96,0.0,0.045333,0.0,0.01,0.96,open,False,open:0.96
763,55,archive_signal,0.96,0.0,0.044118,0.0,0.0,0.96,open,False,open:0.96
764,55,signal_orchard,0.96,0.06812,0.0,0.0,0.0,0.89188,blocked watch,True,blocked watch:0.89
765,55,orchard_riverbend,0.914447,0.0,0.04438,0.055,0.0,0.96,open,False,open:0.96
766,55,central_repair_ring,0.96,0.0,0.04575,0.0,0.0,0.96,open,False,open:0.96
767,55,riverbend_roofward,0.96,0.0,0.0,0.0,0.0,0.96,open,False,open:0.96
768,55,roofward_archive,0.96,0.02,0.045346,0.0,0.0,0.96,open,False,open:0.96
769,55,archive_signal,0.96,0.0,0.044131,0.0,0.0,0.96,open,False,open:0.96
770,56,orchard_riverbend,0.96,0.0,0.044393,0.0,0.0,0.96,open,False,open:0.96
771,56,central_repair_ring,0.96,0.0,0.045763,0.0,0.0,0.96,open,False,open:0.96
772,56,riverbend_roofward,0.96,0.0,0.0,0.035,0.01,0.96,open,False,open:0.96
773,56,roofward_archive,0.96,0.0,0.045359,0.0,0.0,0.96,open,False,open:0.96
774,56,archive_signal,0.96,0.0,0.044144,0.0,0.0,0.96,open,False,open:0.96
775,56,signal_orchard,0.89188,0.0,0.0,0.055,0.0,0.94688,open,False,open:0.95
776,56,orchard_riverbend,0.96,0.0,0.044406,0.0,0.0,0.96,open,False,open:0.96
777,56,central_repair_ring,0.96,0.0,0.045776,0.0,0.0,0.96,open,False,open:0.96
778,56,riverbend_roofward,0.96,0.09352,0.0,0.0,0.0,0.86648,blocked watch,True,blocked watch:0.87
779,56,roofward_archive,0.96,0.0,0.045372,0.0,0.0,0.96,open,False,open:0.96
780,56,archive_signal,0.96,0.0,0.044157,0.0,0.0,0.96,open,False,open:0.96
781,56,signal_orchard,0.94688,0.0,0.0,0.055,0.0,0.96,open,False,open:0.96
782,56,orchard_riverbend,0.96,0.02,0.044419,0.0,0.0,0.96,open,False,open:0.96
783,56,central_repair_ring,0.96,0.0,0.045789,0.0,0.0,0.96,open,False,open:0.96
784,57,riverbend_roofward,0.86648,0.0,0.044605,0.0,0.0,0.911085,open,False,open:0.91
785,57,roofward_archive,0.96,0.0,0.045385,0.0,0.0,0.96,open,False,open:0.96
786,57,archive_signal,0.96,0.0,0.04417,0.055,0.0,0.96,open,False,open:0.96
787,57,signal_orchard,0.96,0.02,0.044489,0.0,0.0,0.96,open,False,open:0.96
788,57,orchard_riverbend,0.96,0.0,0.044432,0.0,0.0,0.96,open,False,open:0.96
789,57,central_repair_ring,0.96,0.0,0.045802,0.055,0.0,0.96,open,False,open:0.96
790,57,riverbend_roofward,0.911085,0.0,0.044618,0.0,0.0,0.955703,open,False,open:0.96
791,57,roofward_archive,0.96,0.0,0.045398,0.0,0.0,0.96,open,False,open:0.96
792,57,archive_signal,0.96,0.08992,0.044183,0.0,0.0,0.914263,blocked watch,True,blocked watch:0.91
793,57,signal_orchard,0.96,0.0,0.044502,0.0,0.0,0.96,open,False,open:0.96
794,57,orchard_riverbend,0.96,0.0,0.044445,0.0,0.0,0.96,open,False,open:0.96
795,57,central_repair_ring,0.96,0.0,0.045815,0.055,0.0,0.96,open,False,open:0.96
796,57,riverbend_roofward,0.955703,0.02,0.044631,0.0,0.0,0.96,open,False,open:0.96
797,57,roofward_archive,0.96,0.0,0.045411,0.0,0.0,0.96,open,False,open:0.96
798,58,archive_signal,0.914263,0.0,0.044196,0.0,0.0,0.958459,open,False,open:0.96
799,58,signal_orchard,0.96,0.0,0.044515,0.0,0.0,0.96,open,False,open:0.96
800,58,orchard_riverbend,0.96,0.0,0.044458,0.035,0.0,0.96,open,False,open:0.96
801,58,central_repair_ring,0.96,0.0,0.045828,0.0,0.0,0.96,open,False,open:0.96
802,58,riverbend_roofward,0.96,0.0,0.044644,0.0,0.0,0.96,open,False,open:0.96
803,58,roofward_archive,0.96,0.0,0.045424,0.055,0.0,0.96,open,False,open:0.96
804,58,archive_signal,0.958459,0.0,0.044209,0.0,0.0,0.96,open,False,open:0.96
805,58,signal_orchard,0.96,0.0,0.044528,0.0,0.0,0.96,open,False,open:0.96
806,58,orchard_riverbend,0.96,0.0,0.044471,0.0,0.0,0.96,open,False,open:0.96
807,58,central_repair_ring,0.96,0.0,0.045841,0.0,0.0,0.96,open,False,open:0.96
808,58,riverbend_roofward,0.96,0.0,0.044657,0.0,0.0,0.96,open,False,open:0.96
809,58,roofward_archive,0.96,0.0,0.045437,0.055,0.0,0.96,open,False,open:0.96
810,58,archive_signal,0.96,0.02,0.044222,0.0,0.0,0.96,open,False,open:0.96
811,58,signal_orchard,0.96,0.0,0.044541,0.0,0.0,0.96,open,False,open:0.96
812,59,orchard_riverbend,0.96,0.0,0.044484,0.0,0.0,0.96,open,False,open:0.96
813,59,central_repair_ring,0.96,0.0,0.045854,0.0,0.0,0.96,open,False,open:0.96
814,59,riverbend_roofward,0.96,0.0,0.04467,0.055,0.0,0.96,open,False,open:0.96
815,59,roofward_archive,0.96,0.02,0.04545,0.0,0.0,0.96,open,False,open:0.96
816,59,archive_signal,0.96,0.0,0.044235,0.0,0.0,0.96,open,False,open:0.96
817,59,signal_orchard,0.96,0.0,0.044554,0.055,0.0,0.96,open,False,open:0.96
818,59,orchard_riverbend,0.96,0.0,0.044497,0.0,0.0,0.96,open,False,open:0.96
819,59,central_repair_ring,0.96,0.0,0.045867,0.0,0.0,0.96,open,False,open:0.96
820,59,riverbend_roofward,0.96,0.02,0.044683,0.0,0.0,0.96,open,False,open:0.96
821,59,roofward_archive,0.96,0.0,0.045463,0.0,0.0,0.96,open,False,open:0.96
822,59,archive_signal,0.96,0.0,0.044248,0.0,0.0,0.96,open,False,open:0.96
823,59,signal_orchard,0.96,0.0,0.044567,0.055,0.0,0.96,open,False,open:0.96
824,59,orchard_riverbend,0.96,0.0,0.04451,0.0,0.0,0.96,open,False,open:0.96
825,59,central_repair_ring,0.96,0.0,0.04588,0.0,0.0,0.96,open,False,open:0.96
826,60,riverbend_roofward,0.96,0.0,0.044696,0.0,0.0,0.96,open,False,open:0.96
827,60,roofward_archive,0.96,0.0,0.045476,0.0,0.0,0.96,open,False,open:0.96
828,60,archive_signal,0.96,0.0,0.044261,0.035,0.0,0.96,open,False,open:0.96
829,60,signal_orchard,0.96,0.0,0.04458,0.0,0.0,0.96,open,False,open:0.96
830,60,orchard_riverbend,0.96,0.0,0.044523,0.0,0.0,0.96,open,False,open:0.96
831,60,central_repair_ring,0.96,0.0,0.045893,0.055,0.0,0.96,open,False,open:0.96
832,60,riverbend_roofward,0.96,0.0,0.044709,0.0,0.0,0.96,open,False,open:0.96
833,60,roofward_archive,0.96,0.0,0.045489,0.0,0.0,0.96,open,False,open:0.96
834,60,archive_signal,0.96,0.0,0.044274,0.0,0.0,0.96,open,False,open:0.96
835,60,signal_orchard,0.96,0.0,0.044593,0.0,0.0,0.96,open,False,open:0.96
836,60,orchard_riverbend,0.96,0.0,0.045535,0.0,0.01,0.96,open,False,open:0.96
837,60,central_repair_ring,0.96,0.0,0.045906,0.055,0.0,0.96,open,False,open:0.96
838,60,riverbend_roofward,0.96,0.02,0.044722,0.0,0.0,0.96,open,False,open:0.96
839,60,roofward_archive,0.96,0.0,0.045502,0.0,0.0,0.96,open,False,open:0.96
840,61,archive_signal,0.96,0.0,0.044287,0.0,0.0,0.96,open,False,open:0.96
841,61,signal_orchard,0.96,0.0,0.044606,0.0,0.0,0.96,open,False,open:0.96
842,61,orchard_riverbend,0.96,0.0,0.045548,0.055,0.0,0.96,open,False,open:0.96
843,61,central_repair_ring,0.96,0.02,0.045919,0.0,0.0,0.96,open,False,open:0.96
844,61,riverbend_roofward,0.96,0.0,0.044735,0.0,0.0,0.96,open,False,open:0.96
845,61,roofward_archive,0.96,0.0,0.045515,0.0,0.0,0.96,open,False,open:0.96
846,61,archive_signal,0.96,0.0,0.0443,0.0,0.0,0.96,open,False,open:0.96
847,61,signal_orchard,0.96,0.0,0.044619,0.0,0.0,0.96,open,False,open:0.96
848,61,orchard_riverbend,0.96,0.02,0.045561,0.0,0.0,0.96,open,False,open:0.96
849,61,central_repair_ring,0.96,0.0,0.045932,0.0,0.0,0.96,open,False,open:0.96
850,61,riverbend_roofward,0.96,0.0,0.044748,0.0,0.0,0.96,open,False,open:0.96
851,61,roofward_archive,0.96,0.0,0.045528,0.055,0.0,0.96,open,False,open:0.96
852,61,archive_signal,0.96,0.0,0.044313,0.0,0.0,0.96,open,False,open:0.96
853,61,signal_orchard,0.96,0.0,0.044632,0.0,0.0,0.96,open,False,open:0.96
854,62,orchard_riverbend,0.96,0.0,0.045574,0.0,0.0,0.96,open,False,open:0.96
855,62,central_repair_ring,0.96,0.0,0.045945,0.0,0.0,0.96,open,False,open:0.96
856,62,riverbend_roofward,0.96,0.0,0.044761,0.035,0.0,0.96,open,False,open:0.96
857,62,roofward_archive,0.96,0.0,0.045541,0.0,0.0,0.96,open,False,open:0.96
858,62,archive_signal,0.96,0.0,0.044326,0.0,0.0,0.96,open,False,open:0.96
859,62,signal_orchard,0.96,0.0,0.044645,0.055,0.0,0.96,open,False,open:0.96
860,62,orchard_riverbend,0.96,0.0,0.045587,0.0,0.0,0.96,open,False,open:0.96
861,62,central_repair_ring,0.96,0.0,0.045958,0.0,0.0,0.96,open,False,open:0.96
862,62,riverbend_roofward,0.96,0.0,0.044774,0.0,0.0,0.96,open,False,open:0.96
863,62,roofward_archive,0.96,0.0,0.045554,0.0,0.0,0.96,open,False,open:0.96
864,62,archive_signal,0.96,0.0,0.045338,0.0,0.01,0.96,open,False,open:0.96
865,62,signal_orchard,0.96,0.0,0.044658,0.055,0.0,0.96,open,False,open:0.96
866,62,orchard_riverbend,0.96,0.02,0.0456,0.0,0.0,0.96,open,False,open:0.96
867,62,central_repair_ring,0.96,0.0,0.045971,0.0,0.0,0.96,open,False,open:0.96
868,63,roofward_archive,0.96,0.0,0.045567,0.0,0.0,0.96,open,False,open:0.96
869,63,archive_signal,0.96,0.0,0.045351,0.0,0.0,0.96,open,False,open:0.96
870,63,signal_orchard,0.96,0.0,0.044671,0.0,0.0,0.96,open,False,open:0.96
871,63,orchard_riverbend,0.96,0.0,0.045613,0.0,0.0,0.96,open,False,open:0.96
872,63,central_repair_ring,0.96,0.0,0.045984,0.0,0.0,0.96,open,False,open:0.96
873,63,riverbend_roofward,0.96,0.0,0.044787,0.0,0.0,0.96,open,False,open:0.96
874,63,roofward_archive,0.96,0.0,0.046339,0.0,0.01,0.96,open,False,open:0.96
875,63,archive_signal,0.96,0.0,0.045364,0.0,0.0,0.96,open,False,open:0.96
876,63,signal_orchard,0.96,0.02,0.044684,0.0,0.0,0.96,open,False,open:0.96
877,63,orchard_riverbend,0.96,0.0,0.045626,0.055,0.0,0.96,open,False,open:0.96
878,63,central_repair_ring,0.96,0.0,0.045997,0.0,0.0,0.96,open,False,open:0.96
879,63,riverbend_roofward,0.96,0.0,0.0448,0.0,0.0,0.96,open,False,open:0.96
880,63,roofward_archive,0.96,0.06812,0.046352,0.0,0.0,0.938232,blocked watch,True,blocked watch:0.94
881,63,archive_signal,0.96,0.0,0.045377,0.0,0.0,0.96,open,False,open:0.96
882,64,signal_orchard,0.96,0.0,0.044697,0.0,0.0,0.96,open,False,open:0.96
883,64,orchard_riverbend,0.96,0.0,0.045639,0.0,0.0,0.96,open,False,open:0.96
884,64,central_repair_ring,0.96,0.0,0.04601,0.0,0.0,0.96,open,False,open:0.96
885,64,riverbend_roofward,0.96,0.02,0.044813,0.0,0.0,0.96,open,False,open:0.96
886,64,roofward_archive,0.938232,0.0,0.046365,0.0,0.0,0.96,open,False,open:0.96
887,64,archive_signal,0.96,0.0,0.04539,0.0,0.0,0.96,open,False,open:0.96
888,64,signal_orchard,0.96,0.0,0.04471,0.0,0.0,0.96,open,False,open:0.96
889,64,orchard_riverbend,0.96,0.0,0.045652,0.0,0.0,0.96,open,False,open:0.96
890,64,central_repair_ring,0.96,0.02,0.046023,0.0,0.0,0.96,open,False,open:0.96
891,64,riverbend_roofward,0.96,0.0,0.044826,0.055,0.0,0.96,open,False,open:0.96
892,64,roofward_archive,0.96,0.0,0.046378,0.0,0.0,0.96,open,False,open:0.96
893,64,archive_signal,0.96,0.0,0.045403,0.0,0.0,0.96,open,False,open:0.96
894,64,signal_orchard,0.96,0.02,0.044723,0.0,0.0,0.96,open,False,open:0.96
895,64,orchard_riverbend,0.96,0.0,0.045665,0.0,0.0,0.96,open,False,open:0.96
896,65,central_repair_ring,0.96,0.0,0.046036,0.0,0.0,0.96,open,False,open:0.96
897,65,riverbend_roofward,0.96,0.0,0.044839,0.0,0.0,0.96,open,False,open:0.96
898,65,roofward_archive,0.96,0.0,0.046391,0.0,0.0,0.96,open,False,open:0.96
899,65,archive_signal,0.96,0.0,0.045416,0.0,0.0,0.96,open,False,open:0.96
900,65,signal_orchard,0.96,0.0,0.044736,0.0,0.0,0.96,open,False,open:0.96
901,65,orchard_riverbend,0.96,0.0,0.045678,0.0,0.0,0.96,open,False,open:0.96
902,65,central_repair_ring,0.96,0.0,0.046049,0.0,0.0,0.96,open,False,open:0.96
903,65,riverbend_roofward,0.96,0.0,0.044852,0.0,0.0,0.96,open,False,open:0.96
904,65,roofward_archive,0.96,0.02,0.046404,0.0,0.0,0.96,open,False,open:0.96
905,65,archive_signal,0.96,0.0,0.045429,0.055,0.0,0.96,open,False,open:0.96
906,65,signal_orchard,0.96,0.0,0.044749,0.0,0.0,0.96,open,False,open:0.96
907,65,orchard_riverbend,0.96,0.0,0.045691,0.0,0.0,0.96,open,False,open:0.96
908,65,central_repair_ring,0.96,0.02,0.046062,0.0,0.0,0.96,open,False,open:0.96
909,65,riverbend_roofward,0.96,0.0,0.044865,0.0,0.0,0.96,open,False,open:0.96
910,66,roofward_archive,0.96,0.0,0.046417,0.0,0.0,0.96,open,False,open:0.96
911,66,archive_signal,0.96,0.0,0.045442,0.0,0.0,0.96,open,False,open:0.96
912,66,signal_orchard,0.96,0.0,0.044762,0.0,0.0,0.96,open,False,open:0.96
913,66,orchard_riverbend,0.96,0.09172,0.045704,0.0,0.0,0.913984,blocked watch,True,blocked watch:0.91
914,66,central_repair_ring,0.96,0.0,0.046075,0.0,0.0,0.96,open,False,open:0.96
915,66,riverbend_roofward,0.96,0.0,0.044878,0.0,0.0,0.96,open,False,open:0.96
916,66,roofward_archive,0.96,0.0,0.04643,0.0,0.0,0.96,open,False,open:0.96
917,66,archive_signal,0.96,0.0,0.045455,0.0,0.0,0.96,open,False,open:0.96
918,66,signal_orchard,0.96,0.02,0.044775,0.0,0.0,0.96,open,False,open:0.96
919,66,orchard_riverbend,0.913984,0.0,0.047371,0.055,0.0,0.96,open,False,open:0.96
920,66,central_repair_ring,0.96,0.0,0.047732,0.0,0.0,0.96,open,False,open:0.96
921,66,riverbend_roofward,0.96,0.0,0.044891,0.0,0.0,0.96,open,False,open:0.96
922,66,roofward_archive,0.96,0.02,0.046443,0.0,0.0,0.96,open,False,open:0.96
923,66,archive_signal,0.96,0.0,0.045468,0.0,0.0,0.96,open,False,open:0.96
924,67,signal_orchard,0.96,0.0,0.044788,0.0,0.0,0.96,open,False,open:0.96
925,67,orchard_riverbend,0.96,0.0,0.047384,0.0,0.0,0.96,open,False,open:0.96
926,67,central_repair_ring,0.96,0.0,0.048504,0.0,0.01,0.96,open,False,open:0.96
927,67,riverbend_roofward,0.96,0.0,0.044904,0.0,0.0,0.96,open,False,open:0.96
928,67,roofward_archive,0.96,0.0,0.046456,0.0,0.0,0.96,open,False,open:0.96
929,67,archive_signal,0.96,0.0,0.045481,0.0,0.0,0.96,open,False,open:0.96
930,67,signal_orchard,0.96,0.0,0.044801,0.0,0.0,0.96,open,False,open:0.96
931,67,orchard_riverbend,0.96,0.0,0.047397,0.0,0.0,0.96,open,False,open:0.96
932,67,central_repair_ring,0.96,0.0,0.048517,0.0,0.0,0.96,open,False,open:0.96
933,67,riverbend_roofward,0.96,0.0,0.044917,0.055,0.0,0.96,open,False,open:0.96
934,67,roofward_archive,0.96,0.0,0.046469,0.0,0.0,0.96,open,False,open:0.96
935,67,archive_signal,0.96,0.0,0.045494,0.0,0.0,0.96,open,False,open:0.96
936,67,signal_orchard,0.96,0.02,0.044814,0.0,0.0,0.96,open,False,open:0.96
937,67,orchard_riverbend,0.96,0.0,0.04741,0.0,0.0,0.96,open,False,open:0.96
938,68,central_repair_ring,0.96,0.0,0.04853,0.0,0.0,0.96,open,False,open:0.96
939,68,riverbend_roofward,0.96,0.0,0.04493,0.0,0.0,0.96,open,False,open:0.96
940,68,roofward_archive,0.96,0.0,0.046482,0.0,0.0,0.96,open,False,open:0.96
941,68,archive_signal,0.96,0.02,0.045507,0.0,0.0,0.96,open,False,open:0.96
942,68,signal_orchard,0.96,0.0,0.044827,0.0,0.0,0.96,open,False,open:0.96
943,68,orchard_riverbend,0.96,0.0,0.047423,0.0,0.0,0.96,open,False,open:0.96
944,68,central_repair_ring,0.96,0.0,0.048543,0.0,0.0,0.96,open,False,open:0.96
945,68,riverbend_roofward,0.96,0.0,0.044943,0.0,0.0,0.96,open,False,open:0.96
946,68,roofward_archive,0.96,0.08992,0.046495,0.0,0.0,0.916575,blocked watch,True,blocked watch:0.92
947,68,archive_signal,0.96,0.0,0.04552,0.055,0.0,0.96,open,False,open:0.96
948,68,signal_orchard,0.96,0.0,0.04484,0.0,0.0,0.96,open,False,open:0.96
949,68,orchard_riverbend,0.96,0.0,0.047436,0.0,0.0,0.96,open,False,open:0.96
950,68,central_repair_ring,0.96,0.0,0.048556,0.0,0.0,0.96,open,False,open:0.96
951,68,riverbend_roofward,0.96,0.0,0.044956,0.0,0.0,0.96,open,False,open:0.96
952,69,roofward_archive,0.916575,0.0,0.046508,0.0,0.0,0.96,open,False,open:0.96
953,69,archive_signal,0.96,0.0,0.045533,0.0,0.0,0.96,open,False,open:0.96
954,69,signal_orchard,0.96,0.0,0.045852,0.0,0.01,0.96,open,False,open:0.96
955,69,orchard_riverbend,0.96,0.0,0.047449,0.0,0.0,0.96,open,False,open:0.96
956,69,central_repair_ring,0.96,0.0,0.048569,0.0,0.0,0.96,open,False,open:0.96
957,69,riverbend_roofward,0.96,0.0,0.044969,0.0,0.0,0.96,open,False,open:0.96
958,69,roofward_archive,0.96,0.0,0.046521,0.0,0.0,0.96,open,False,open:0.96
959,69,archive_signal,0.96,0.0,0.045546,0.0,0.0,0.96,open,False,open:0.96
960,69,signal_orchard,0.96,0.0,0.045865,0.0,0.0,0.96,open,False,open:0.96
961,69,orchard_riverbend,0.96,0.0,0.047462,0.055,0.0,0.96,open,False,open:0.96
962,69,central_repair_ring,0.96,0.0,0.048582,0.0,0.0,0.96,open,False,open:0.96
963,69,riverbend_roofward,0.96,0.0,0.044982,0.0,0.0,0.96,open,False,open:0.96
964,69,roofward_archive,0.96,0.02,0.046534,0.0,0.0,0.96,open,False,open:0.96
965,69,archive_signal,0.96,0.0,0.045559,0.0,0.0,0.96,open,False,open:0.96
966,70,orchard_riverbend,0.96,0.0,0.047475,0.0,0.0,0.96,open,False,open:0.96
967,70,central_repair_ring,0.96,0.0,0.048595,0.0,0.0,0.96,open,False,open:0.96
968,70,riverbend_roofward,0.96,0.0,0.044995,0.055,0.0,0.96,open,False,open:0.96
969,70,roofward_archive,0.96,0.02,0.046547,0.0,0.0,0.96,open,False,open:0.96
970,70,archive_signal,0.96,0.0,0.045572,0.0,0.0,0.96,open,False,open:0.96
971,70,signal_orchard,0.96,0.0,0.045878,0.055,0.0,0.96,open,False,open:0.96
972,70,orchard_riverbend,0.96,0.0,0.047488,0.0,0.0,0.96,open,False,open:0.96
973,70,central_repair_ring,0.96,0.0,0.048608,0.0,0.0,0.96,open,False,open:0.96
974,70,riverbend_roofward,0.96,0.02,0.045008,0.0,0.0,0.96,open,False,open:0.96
975,70,roofward_archive,0.96,0.0,0.04656,0.0,0.0,0.96,open,False,open:0.96
976,70,archive_signal,0.96,0.0,0.046344,0.0,0.01,0.96,open,False,open:0.96
977,70,signal_orchard,0.96,0.0,0.045891,0.055,0.0,0.96,open,False,open:0.96
978,70,orchard_riverbend,0.96,0.0,0.047501,0.0,0.0,0.96,open,False,open:0.96
979,70,central_repair_ring,0.96,0.0,0.048621,0.0,0.0,0.96,open,False,open:0.96
980,71,riverbend_roofward,0.96,0.0,0.045021,0.0,0.0,0.96,open,False,open:0.96
981,71,roofward_archive,0.96,0.0,0.046573,0.0,0.0,0.96,open,False,open:0.96
982,71,archive_signal,0.96,0.0,0.046357,0.055,0.0,0.96,open,False,open:0.96
983,71,signal_orchard,0.96,0.02,0.045904,0.0,0.0,0.96,open,False,open:0.96
984,71,orchard_riverbend,0.96,0.0,0.047514,0.0,0.0,0.96,open,False,open:0.96
985,71,central_repair_ring,0.96,0.0,0.048634,0.055,0.0,0.96,open,False,open:0.96
986,71,riverbend_roofward,0.96,0.0,0.045034,0.0,0.0,0.96,open,False,open:0.96
987,71,roofward_archive,0.96,0.0,0.046586,0.0,0.0,0.96,open,False,open:0.96
988,71,archive_signal,0.96,0.0,0.04637,0.0,0.0,0.96,open,False,open:0.96
989,71,signal_orchard,0.96,0.0,0.045917,0.055,0.0,0.96,open,False,open:0.96
990,71,orchard_riverbend,0.96,0.0,0.047527,0.0,0.0,0.96,open,False,open:0.96
991,71,central_repair_ring,0.96,0.0,0.048647,0.055,0.0,0.96,open,False,open:0.96
992,71,riverbend_roofward,0.96,0.02,0.045047,0.0,0.0,0.96,open,False,open:0.96
993,71,roofward_archive,0.96,0.0,0.046599,0.0,0.0,0.96,open,False,open:0.96
994,72,archive_signal,0.96,0.0,0.046383,0.0,0.0,0.96,open,False,open:0.96
995,72,signal_orchard,0.96,0.0,0.04593,0.0,0.0,0.96,open,False,open:0.96
996,72,orchard_riverbend,0.96,0.0,0.04754,0.035,0.0,0.96,open,False,open:0.96
997,72,central_repair_ring,0.96,0.0,0.04866,0.0,0.0,0.96,open,False,open:0.96
998,72,riverbend_roofward,0.96,0.0,0.04506,0.0,0.0,0.96,open,False,open:0.96
999,72,roofward_archive,0.96,0.0,0.046612,0.055,0.0,0.96,open,False,open:0.96
1000,72,archive_signal,0.96,0.0,0.046396,0.0,0.0,0.96,open,False,open:0.96
1001,72,signal_orchard,0.96,0.0,0.047626,0.0,0.0,0.96,open,False,open:0.96
1002,72,orchard_riverbend,0.96,0.02,0.049207,0.0,0.0,0.96,open,False,open:0.96
1003,72,central_repair_ring,0.96,0.0,0.048673,0.055,0.0,0.96,open,False,open:0.96
1004,72,riverbend_roofward,0.96,0.0,0.045832,0.0,0.01,0.96,open,False,open:0.96
1005,72,roofward_archive,0.96,0.0,0.046625,0.055,0.0,0.96,open,False,open:0.96
1006,72,archive_signal,0.96,0.0,0.046409,0.0,0.0,0.96,open,False,open:0.96
1007,72,signal_orchard,0.96,0.0,0.047639,0.0,0.0,0.96,open,False,open:0.96
